Reactant,product,er_nbo,er_bond,er_vbur,er_l,er_b1,er_b5,average_er,DFTScore
C=C(NC(C)=O)C(=O)OC,COC(=O)[C@H](C)NC(C)=O,badfit,badfit,badfit,badfit,badfit,badfit,nofit,nofit
COC(=O)/C(=C/c1ccccc1)NC(C)=O,COC(=O)[C@H](Cc1ccccc1)NC(C)=O,badfit,badfit,badfit,badfit,badfit,badfit,nofit,nofit
CCOC(=O)/C=C(\Sc1ccccc1)c1cccc(F)c1,CCOC(=O)C[C@@H](Sc1ccccc1)c1cccc(F)c1,not found,not found,not found,not found,not found,not found,not found,not found
CC(C)=C(C(=O)O)c1ccccc1,CC(C)[C@@H](C(=O)O)c1ccccc1,badfit,badfit,badfit,badfit,2.7542301533406737,1.9806535352069838,2.367441844273829,0.914310649850005
C/C(=C\C(=O)c1ccc(C)cc1)S(=O)(=O)c1ccc(C)cc1,Cc1ccc(C(=O)C[C@@H](C)S(=O)(=O)c2ccc(C)cc2)cc1,not found,not found,not found,not found,not found,not found,not found,not found
[H]/C=C(\NC(C)=O)C(=O)O,CC(=O)N[C@H](C)C(=O)O,badfit,4.699925221603316,badfit,4.763316326606654,badfit,badfit,4.731620774104985,0.9912647992236605
C=C(NC(C)=O)c1ccccc1,CC(=O)N[C@@H](C)c1ccccc1,badfit,badfit,badfit,badfit,badfit,badfit,nofit,nofit
CCOP(=O)(/C=C(\N)c1ccccc1)OCC,CCOP(=O)(C[C@H](N)c1ccccc1)OCC,badfit,badfit,badfit,badfit,badfit,badfit,nofit,nofit
CC(=O)N/C(=C\S(C)(=O)=O)c1ccc(C)cc1,CC(=O)N[C@H](CS(C)(=O)=O)c1ccc(C)cc1,nofit,nofit,nofit,nofit,nofit,nofit,nofit,nofit
CCOC(=O)/C(F)=C\c1ccccc1,CCOC(=O)[C@@H](F)Cc1ccccc1,nofit,nofit,nofit,nofit,nofit,nofit,nofit,nofit
C/C=C(/C)c1ccc(OC)cc1,CC[C@@H](C)c1ccc(OC)cc1,badfit,badfit,badfit,badfit,badfit,badfit,nofit,nofit
C=C(CC(C)=O)C(=O)OC,COC(=O)[C@H](C)CC(C)=O,badfit,badfit,badfit,badfit,badfit,badfit,nofit,nofit
CN1CCC=C1c1cccc(F)c1,CN1CCC[C@H]1c1cccc(F)c1,not found,not found,not found,not found,not found,not found,not found,not found
C=C(CC(=O)OC)C(=O)OC,COC(=O)C[C@H](C)C(=O)OC,badfit,badfit,badfit,badfit,badfit,badfit,nofit,nofit
CC(=O)/C(C)=C/c1ccccc1,CC(=O)[C@@H](C)Cc1ccccc1,badfit,badfit,badfit,badfit,badfit,badfit,nofit,nofit
Cc1cc2ccccc2[nH]1,C[C@@H]1Cc2ccccc2N1,badfit,3.6107105991071475,3.555937979415866,badfit,3.73943398988597,3.7471957936149813,3.663319590505991,0.9749940992157512
C=C(NC(C)=O)c1ccccc1,CC(=O)N[C@H](C)c1ccccc1,badfit,badfit,badfit,badfit,badfit,badfit,nofit,nofit
O=C(O)/C(=C/c1ccccc1)c1ccccc1,O=C(O)[C@H](Cc1ccccc1)c1ccccc1,badfit,badfit,badfit,badfit,badfit,badfit,nofit,nofit
CC(=O)N/C(=C\c1cccc(Cl)c1)C(F)(F)F,CC(=O)N[C@@H](Cc1cccc(Cl)c1)C(F)(F)F,not found,not found,not found,not found,not found,not found,not found,not found
O=C(O)/C(=C/c1ccccc1)OCc1ccccc1,O=C(O)[C@H](Cc1ccccc1)OCc1ccccc1,nofit,nofit,nofit,nofit,nofit,nofit,nofit,nofit
CCOC(=O)/C=C(\C)c1ccc(Cl)cc1,CCOC(=O)C[C@H](C)c1ccc(Cl)cc1,nofit,nofit,nofit,nofit,nofit,nofit,nofit,nofit
C/C=C(\Oc1ccc(C(C)(C)C)cc1)C(=O)O,CC[C@H](Oc1ccc(C(C)(C)C)cc1)C(=O)O,not found,not found,not found,not found,not found,not found,not found,not found
COCC1=C(c2ccc(OC)cc2)CCCC1,COC[C@H]1CCCC[C@H]1c1ccc(OC)cc1,badfit,badfit,4.476969825134443,badfit,badfit,badfit,4.476969825134443,0.9887599670678283
C=C(CCCC)OC(=O)C(C)(C)C,CCCC[C@H](C)OC(=O)c1ccccc1,nofit,nofit,nofit,nofit,nofit,nofit,nofit,nofit
C/C=C(\Oc1ccc2ccccc2c1)C(=O)O,CC[C@H](Oc1ccc2ccccc2c1)C(=O)O,nofit,nofit,nofit,nofit,nofit,nofit,nofit,nofit
COc1ccc(/C(C)=C/c2ccccc2)cc1,COc1ccc([C@H](C)Cc2ccccc2)cc1,badfit,badfit,badfit,badfit,badfit,badfit,nofit,nofit
C=C(NC(C)=O)c1ccc(OC)cc1,COc1ccc([C@@H](C)NC(C)=O)cc1,badfit,badfit,badfit,badfit,badfit,badfit,nofit,nofit
CC(=O)N/C(C#N)=C/c1ccccc1,CC(=O)N[C@H](C#N)Cc1ccccc1,badfit,badfit,badfit,badfit,badfit,badfit,nofit,nofit
C=C(c1ccccc1)C(C)(C)C,C[C@H](c1ccccc1)C(C)(C)C,badfit,badfit,badfit,badfit,badfit,badfit,nofit,nofit
C/C(=C\c1ccccc1)c1ccccc1,C[C@H](Cc1ccccc1)c1ccccc1,badfit,badfit,badfit,badfit,badfit,badfit,nofit,nofit
CC(=O)NC1=C(c2ccccc2)CCCC1,CC(=O)N[C@H]1CCCC[C@H]1c1ccccc1,badfit,badfit,badfit,badfit,badfit,badfit,nofit,nofit
C/C(=C\c1ccccc1)c1ccccc1,C[C@@H](Cc1ccccc1)c1ccccc1,badfit,badfit,badfit,badfit,badfit,badfit,nofit,nofit
COC(=O)/C=C(\NC(C)=O)c1ccc(OC)cc1,COC(=O)C[C@@H](NC(C)=O)c1ccc(OC)cc1,nofit,nofit,nofit,nofit,nofit,nofit,nofit,nofit
C=C(CCCC)B1OC(C)(C)C(C)(C)O1,CCCC[C@@H](C)B1OC(C)(C)C(C)(C)O1,not found,not found,not found,not found,not found,not found,not found,not found
COC(=O)/C(=C\c1ccccc1)NC(C)=O,COC(=O)[C@@H](Cc1ccccc1)NC(C)=O,badfit,badfit,badfit,badfit,badfit,badfit,nofit,nofit
O=C(O)/C(=C/c1ccccc1)CO,O=C(O)[C@H](CO)Cc1ccccc1,badfit,badfit,badfit,badfit,badfit,badfit,nofit,nofit
C/C(=C\c1ccccc1)c1ccccc1,C[C@@H](Cc1ccccc1)c1ccccc1,badfit,badfit,badfit,badfit,badfit,badfit,nofit,nofit
C=C(/C=C\C)/C=C(\C)c1ccccc1,C=C(/C=C\C)C[C@@H](C)c1ccccc1,badfit,badfit,badfit,badfit,badfit,badfit,nofit,nofit
C=C(c1ccccc1)C(C)(C)C,C[C@H](c1ccccc1)C(C)(C)C,badfit,badfit,badfit,badfit,badfit,badfit,nofit,nofit
CCc1ccc2c(c1)C(=O)C(NC(C)=O)=C2,CCc1ccc2c(c1)C(=O)[C@@H](NC(C)=O)C2,not found,not found,not found,not found,not found,not found,not found,not found
COC(=O)/C(=C/c1ccccc1)NC(C)=O,COC(=O)[C@@H](Cc1ccccc1)NC(C)=O,badfit,badfit,badfit,badfit,badfit,badfit,nofit,nofit
COC(=O)/C(C)=C/c1ccccc1,COC(=O)[C@H](C)Cc1ccccc1,badfit,badfit,badfit,badfit,badfit,badfit,nofit,nofit
C=C(CC(=O)OC)C(=O)OC,COC(=O)C[C@@H](C)C(=O)OC,badfit,badfit,badfit,badfit,badfit,badfit,nofit,nofit
C=C(c1ccccc1)c1cc(F)ccc1O,C[C@@H](c1ccccc1)c1cc(F)ccc1O,not found,not found,not found,not found,not found,not found,not found,not found
CC(=O)NC1=C(C)CCCC1,CC(=O)N[C@H]1CCCC[C@H]1C,badfit,badfit,badfit,badfit,badfit,badfit,nofit,nofit
C/C(=C\C(=O)n1cccn1)c1ccccc1,C[C@H](CC(=O)n1cccn1)c1ccccc1,badfit,badfit,badfit,nofit,nofit,nofit,nofit,nofit
CCOC(=O)/C=C(\C)CCc1ccccc1,CCOC(=O)C[C@@H](C)CCc1ccccc1,0.8354756083413157,1.3705826756978148,badfit,0.8883642381209116,badfit,0.9076448232148575,1.000516836343725,0.7311601826869496
C=C(CC(=O)OC)C(=O)OC,COC(=O)C[C@@H](C)C(=O)OC,badfit,badfit,badfit,badfit,badfit,badfit,nofit,nofit
C=C(CC(=O)c1ccccc1)C(=O)O,C[C@@H](CC(=O)c1ccccc1)C(=O)O,badfit,badfit,badfit,badfit,badfit,badfit,nofit,nofit
C=C(NC(C)=O)C(=O)OC,COC(=O)[C@H](C)NC(C)=O,badfit,badfit,badfit,badfit,badfit,badfit,nofit,nofit
CCOC(=O)/C=C(/B1OC(C)(C)C(C)(C)O1)c1ccccc1,CCOC(=O)C[C@H](B1OC(C)(C)C(C)(C)O1)c1ccccc1,badfit,badfit,badfit,badfit,badfit,badfit,nofit,nofit
C=C(CC(=O)OC)C(=O)OC,COC(=O)C[C@H](C)C(=O)OC,badfit,badfit,badfit,badfit,badfit,badfit,nofit,nofit
O=C1OCCC/C1=C\c1ccccc1,O=C1OCCC[C@@H]1Cc1ccccc1,badfit,badfit,badfit,nofit,nofit,nofit,nofit,nofit
CCOC(=O)C1=C(NC(C)=O)CCC1,CCOC(=O)[C@H]1CCC[C@H]1NC(C)=O,5.4063750971841245,5.027336271201278,4.81343479736006,4.81685132075541,badfit,badfit,5.0159993716252185,0.9934126786506774
C=C(NC(C)=O)c1cccc2ccccc12,CC(=O)N[C@@H](C)c1cccc2ccccc12,1.7346010553881062,nofit,1.734601055391633,1.7346010553805256,1.7346010553584736,1.7346010553563969,1.7346010553750273,0.8499999999983324
C=C(c1ccc(C)cc1)c1ccccn1,Cc1ccc([C@H](C)c2ccccn2)cc1,badfit,badfit,badfit,badfit,badfit,badfit,nofit,nofit
COC(=O)/C=C(\C#N)CC(C)C,COC(=O)C[C@@H](C#N)CC(C)C,not found,not found,not found,not found,not found,not found,not found,not found
O=S1(=O)CCCC=C(c2ccccc2)C1,O=S1(=O)CCCC[C@H](c2ccccc2)C1,nofit,nofit,nofit,nofit,nofit,nofit,nofit,nofit
O=C(O)/C=C(/c1ccccc1)c1ccccc1Cl,O=C(O)C[C@@H](c1ccccc1)c1ccccc1Cl,not found,not found,not found,not found,not found,not found,not found,not found
CC(=O)N/C(=C\c1ccccc1)C(=O)O,CC(=O)N[C@H](Cc1ccccc1)C(=O)O,badfit,badfit,badfit,badfit,badfit,badfit,nofit,nofit
CCOC(=O)/C=C(\C)c1ccccc1,CCOC(=O)C[C@@H](C)c1ccccc1,badfit,badfit,badfit,badfit,badfit,badfit,nofit,nofit
O=S1(=O)C(c2ccccc2)=Cc2ccccc21,O=S1(=O)c2ccccc2C[C@@H]1c1ccccc1,badfit,badfit,badfit,nofit,nofit,nofit,nofit,nofit
COc1ccc(O/C(=C\c2ccccc2)C(=O)O)cc1,COc1ccc(O[C@@H](Cc2ccccc2)C(=O)O)cc1,not found,not found,not found,not found,not found,not found,not found,not found
C=C(NC(C)=O)C(=O)OC,COC(=O)[C@H](C)NC(C)=O,badfit,badfit,badfit,badfit,badfit,badfit,nofit,nofit
C=C(CC(=O)c1ccc(Br)cc1)C(=O)O,C[C@@H](CC(=O)c1ccc(Br)cc1)C(=O)O,nofit,nofit,nofit,nofit,nofit,nofit,nofit,nofit
C=C1c2ccccc2CCN1C,C[C@@H]1c2ccccc2CCN1C,badfit,badfit,badfit,badfit,badfit,badfit,nofit,nofit
C=C(NC(C)=O)c1ccccc1,CC(=O)N[C@@H](C)c1ccccc1,badfit,badfit,badfit,badfit,badfit,badfit,nofit,nofit
COC(=O)/C(=C/c1ccccc1)NC(C)=O,COC(=O)[C@@H](Cc1ccccc1)NC(C)=O,badfit,badfit,badfit,badfit,badfit,badfit,nofit,nofit
CC(C)/C=C1\CCCNC1=O,CC(C)C[C@@H]1CCCNC1=O,not found,not found,not found,not found,not found,not found,not found,not found
CC1=C(c2ccccc2)c2ccccc2CC1,C[C@H]1CCc2ccccc2[C@H]1c1ccccc1,nofit,nofit,nofit,nofit,nofit,nofit,nofit,nofit
CC(=O)NC1=CCCc2ccccc21,CC(=O)N[C@@H]1CCCc2ccccc21,badfit,badfit,badfit,badfit,badfit,badfit,nofit,nofit
C=C(CCCC)c1ccccc1,CCCC[C@H](C)c1ccccc1,3.9656897457477425,badfit,4.494029857494162,badfit,4.252829058151525,badfit,4.237516220464476,0.985762220646809
COCCCOc1cc(/C=C(/C(=O)O)C(C)C)ccc1OC,COCCCOc1cc(C[C@@H](C(=O)O)C(C)C)ccc1OC,2.7871633742187036,badfit,1.9503818171445886,3.186456385072649,badfit,badfit,2.6413338588119806,0.9334748443777139
C=C(NC(C)=O)c1ccccc1,CC(=O)N[C@H](C)c1ccccc1,badfit,badfit,badfit,badfit,badfit,badfit,nofit,nofit
CCOC(=O)/C=C(\NC(C)=O)c1ccc(Cl)cc1,CCOC(=O)C[C@@H](NC(C)=O)c1ccc(Cl)cc1,nofit,nofit,nofit,nofit,nofit,nofit,nofit,nofit
CC(=O)NC1=C(Cc2ccccc2)CCCC1,CC(=O)N[C@H]1CCCC[C@H]1Cc1ccccc1,nofit,nofit,nofit,nofit,nofit,nofit,nofit,nofit
COC(=O)/C(=C/c1ccccc1)NC(C)=O,COC(=O)[C@@H](Cc1ccccc1)NC(C)=O,badfit,badfit,badfit,badfit,badfit,badfit,nofit,nofit
C=C(NC(C)=O)c1ccc(Cl)cc1,CC(=O)N[C@@H](C)c1ccc(Cl)cc1,badfit,badfit,badfit,badfit,2.3892553203586715,badfit,2.3892553203586715,0.9160042898768912
CC(C)=CCC/C(C)=C/CO,CC(C)=CCC[C@@H](C)CCO,3.8918202981106256,3.8918202981106256,3.8918202981106256,3.8918202981106256,3.8918202981106256,3.8918202981106256,3.8918202981106256,0.98
O=C1C=C(c2ccccc2)CN1,O=C1C[C@H](c2ccccc2)CN1,badfit,badfit,0.3810304997530487,badfit,badfit,1.002331838486791,0.6916811691199198,0.6663408067859701
Fc1ccc(-c2cc3ccccc3o2)cc1,Fc1ccc([C@@H]2Cc3ccccc3O2)cc1,4.595119850134589,4.595119850134589,4.595119850134589,4.595119850134589,4.595119850134589,4.595119850134589,4.595119850134588,0.99
CCOC(=O)CC1=CCCCC1C(=O)OC,CCOC(=O)C[C@H]1CCCCC1C(=O)OC,1.971574534406313,badfit,2.1290299721668617,1.9591563238153924,badfit,badfit,2.019920276796189,0.882872765323274
COC(=O)/C(=C\CCCC1OCCO1)NC=O,COC(=O)[C@@H](CCCCC1OCCO1)NC=O,nofit,nofit,nofit,nofit,nofit,nofit,nofit,nofit
C=C(C(=O)O)c1ccccc1,C[C@H](C(=O)O)c1ccccc1,badfit,badfit,badfit,badfit,badfit,badfit,nofit,nofit
CC(=O)NC1=Cc2ccccc2CC1,CC(=O)N[C@H]1CCc2ccccc2C1,badfit,badfit,badfit,badfit,badfit,badfit,nofit,nofit
OCC1=COc2ccccc2O1,OC[C@H]1COc2ccccc2O1,nofit,nofit,nofit,nofit,nofit,nofit,nofit,nofit
CCOC(=O)/C=C(\C)c1ccccc1,CCOC(=O)C[C@@H](C)c1ccccc1,badfit,badfit,badfit,badfit,badfit,badfit,nofit,nofit
O=C1C/C(=C/c2ccc(F)cc2)CCN1,O=C1C[C@H](Cc2ccc(F)cc2)CCN1,badfit,badfit,badfit,2.9508870233567936,badfit,2.8770866804393087,2.913986851898051,0.9485335417292273
CCC/C(=C/[N+](=O)[O-])NC(C)=O,CCC[C@@H](C[N+](=O)[O-])NC(C)=O,not found,not found,not found,not found,not found,not found,not found,not found
C/C(=C\c1ccccc1)c1ccccc1,C[C@@H](Cc1ccccc1)c1ccccc1,badfit,badfit,badfit,badfit,badfit,badfit,nofit,nofit
C/C=C(\C)c1ccc(OC)cc1,CC[C@H](C)c1ccc(OC)cc1,badfit,badfit,badfit,badfit,badfit,badfit,nofit,nofit
C/C(=C\c1ccccc1)CO,C[C@@H](CO)Cc1ccccc1,badfit,badfit,badfit,badfit,badfit,badfit,nofit,nofit
CCC/C=C(\OC(=O)c1ccccc1)P(=O)(OC)OC,CCCC[C@@H](OC(=O)c1ccccc1)P(=O)(OC)OC,4.2498526438262765,0.005892390778324597,0.4235240789465404,0.7705361849241452,2.2341975106515886,3.1299700176663805,1.8023288044655426,0.858432182557702
COC(=O)/C(=C/c1ccc(Br)cc1)NC(C)=O,COC(=O)[C@H](Cc1ccc(Br)cc1)NC(C)=O,4.18730985515788,4.1299059420513835,4.019011255554735,badfit,badfit,4.0411748617078755,4.094350478617969,0.9836066527768709
C/C=C(\NC(C)=O)C(=O)OC,CC[C@@H](NC(C)=O)C(=O)OC,badfit,badfit,badfit,badfit,badfit,badfit,nofit,nofit
[H]/C=C(\NC(C)=O)C1=CC=CCC=C1,CC(=O)N[C@@H](C)C1=CC=CCC=C1,badfit,badfit,badfit,badfit,badfit,9.529812196584896,9.529812196584896,0.9999273520108708
Brc1ccc2c(c1)CCC=C2c1ccccc1,Brc1ccc2c(c1)CCC[C@H]2c1ccccc1,not found,not found,not found,not found,not found,not found,not found,not found
C=C(NC(C)=O)C(=O)OC,COC(=O)[C@@H](C)NC(C)=O,badfit,badfit,badfit,badfit,badfit,badfit,nofit,nofit
C/C=C(\C)c1ccc(OC)cc1,CC[C@H](C)c1ccc(OC)cc1,badfit,badfit,badfit,badfit,badfit,badfit,nofit,nofit
C/C(=C\c1ccccc1)c1ccccc1,C[C@@H](Cc1ccccc1)c1ccccc1,badfit,badfit,badfit,badfit,badfit,badfit,nofit,nofit
CCOC(=O)/C=C(\Sc1ccccc1)c1ccccc1OC,CCOC(=O)C[C@@H](Sc1ccccc1)c1ccccc1OC,not found,not found,not found,not found,not found,not found,not found,not found
COC(=O)/C(=C/c1ccccc1)NC(C)=O,COC(=O)[C@H](Cc1ccccc1)NC(C)=O,badfit,badfit,badfit,badfit,badfit,badfit,nofit,nofit
C=C(NC(C)=O)C(=O)OC,COC(=O)[C@@H](C)NC(C)=O,badfit,badfit,badfit,badfit,badfit,badfit,nofit,nofit
O=c1[nH]c(-c2ccccc2)co1,O=C1N[C@H](c2ccccc2)CO1,badfit,badfit,badfit,badfit,badfit,badfit,nofit,nofit
CC(=O)N/C(=C\[N+](=O)[O-])c1ccccc1,CC(=O)N[C@@H](C[N+](=O)[O-])c1ccccc1,badfit,badfit,badfit,badfit,badfit,badfit,nofit,nofit
C=C(NC(C)=O)C(=O)OC,COC(=O)[C@H](C)NC(C)=O,badfit,badfit,badfit,badfit,badfit,badfit,nofit,nofit
C/C(=C\c1ccccc1)c1ccccc1,C[C@H](Cc1ccccc1)c1ccccc1,badfit,badfit,badfit,badfit,badfit,badfit,nofit,nofit
COC(=O)/C(=C/CCN1C(=O)c2ccccc2C1=O)NC(C)=O,COC(=O)[C@@H](CCCN1C(=O)c2ccccc2C1=O)NC(C)=O,badfit,badfit,badfit,badfit,badfit,badfit,nofit,nofit
CC/C(=C\C(=O)OC)NC(C)=O,CC[C@@H](CC(=O)OC)NC(C)=O,badfit,badfit,2.792316255905,4.920286528663691,badfit,badfit,3.8563013922843457,0.9792918302571378
O=C(NC1=Cc2ccccc2CC1)c1ccccc1,O=C(N[C@H]1CCc2ccccc2C1)c1ccccc1,3.267614840142521,3.2779564703661492,2.5449594087662355,3.3006883469112145,3.300231971107965,badfit,3.1382902074588173,0.9584448358657393
CC(=O)NC1=CCCC(c2ccccc2)=C1,CC(=O)N[C@H]1C=C(c2ccccc2)CCC1,badfit,3.6343857488830054,badfit,3.5618837140459183,badfit,badfit,3.598134731464462,0.9733546727131636
CC(=O)N/C(=C\[N+](=O)[O-])c1ccccc1,CC(=O)N[C@H](C[N+](=O)[O-])c1ccccc1,badfit,badfit,badfit,badfit,badfit,badfit,nofit,nofit
CCOC(=O)/C=C(\C)c1ccccc1,CCOC(=O)C[C@@H](C)c1ccccc1,badfit,badfit,badfit,badfit,badfit,badfit,nofit,nofit
CC(=O)NC1=Cc2ccccc2CC1,CC(=O)N[C@H]1CCc2ccccc2C1,badfit,badfit,badfit,badfit,badfit,badfit,nofit,nofit
COC(=O)/C(=C/c1cccnc1)NC(C)=O,COC(=O)[C@H](Cc1cccnc1)NC(C)=O,12.206067645522225,12.206067645522225,12.206067645522225,12.206067645522225,12.206067645522225,12.206067645522225,12.206067645522225,0.9999950000000001
C/C(=C\c1ccccc1)CO,C[C@H](CO)Cc1ccccc1,badfit,badfit,badfit,badfit,badfit,badfit,nofit,nofit
C/C(=C\c1ccccc1)c1ccccc1,C[C@@H](Cc1ccccc1)c1ccccc1,badfit,badfit,badfit,badfit,badfit,badfit,nofit,nofit
C=C(CCCC)c1ccccc1,CCCC[C@@H](C)c1ccccc1,nofit,nofit,nofit,nofit,nofit,nofit,nofit,nofit
C=C(NC(C)=O)c1ccccc1,CC(=O)N[C@H](C)c1ccccc1,badfit,badfit,badfit,badfit,badfit,badfit,nofit,nofit
CCOC(=O)c1c(C)ncc2ccccc12,CCOC(=O)[C@@H]1c2ccccc2CN[C@@H]1C,badfit,badfit,badfit,badfit,badfit,badfit,nofit,nofit
CC/C=C(/NC(C)=O)c1ccccc1,CCC[C@H](NC(C)=O)c1ccccc1,0.3701237781234106,nan,badfit,badfit,0.32786985084248776,0.6762014450932572,0.45806502468638516,0.6125550459512173
C/C(=N\c1ccccc1)c1ccccc1,C[C@@H](Nc1ccccc1)c1ccccc1,0,0,0,0,0,0,0.0,0.5
C=C(C(=O)O)c1ccccc1,C[C@H](C(=O)O)c1ccccc1,badfit,badfit,badfit,badfit,badfit,badfit,nofit,nofit
CCOC(=O)/C(F)=C(\C(=O)OCC)c1ccc(C(F)(F)F)cc1,CCOC(=O)[C@@H](F)[C@H](C(=O)OCC)c1ccc(C(F)(F)F)cc1,not found,not found,not found,not found,not found,not found,not found,not found
C=C(CC(=O)c1ccc(Cl)cc1)C(=O)O,C[C@@H](CC(=O)c1ccc(Cl)cc1)C(=O)O,nofit,nofit,nofit,nofit,nofit,nofit,nofit,nofit
COC(=O)C1=COc2ccccc2O1,COC(=O)[C@H]1COc2ccccc2O1,badfit,badfit,2.427020192303612,badfit,2.19299809437007,badfit,2.310009143336841,0.9097026063680919
CCN1CCc2ccccc2/C1=C/c1ccccc1,CCN1CCc2ccccc2[C@H]1Cc1ccccc1,not found,not found,not found,not found,not found,not found,not found,not found
C=C(CC(=O)OC)C(=O)OC,COC(=O)C[C@H](C)C(=O)OC,badfit,badfit,badfit,badfit,badfit,badfit,nofit,nofit
C=C(CC(=O)OC)C(=O)OC,COC(=O)C[C@@H](C)C(=O)OC,badfit,badfit,badfit,badfit,badfit,badfit,nofit,nofit
C=C(NC(C)=O)C(=O)OC,COC(=O)[C@H](C)NC(C)=O,badfit,badfit,badfit,badfit,badfit,badfit,nofit,nofit
C/C=C(\C)C(=O)O,CC[C@H](C)C(=O)O,badfit,badfit,badfit,badfit,badfit,badfit,nofit,nofit
O=C(O)/C(=C/c1ccccc1)c1ccccc1,O=C(O)[C@H](Cc1ccccc1)c1ccccc1,badfit,badfit,badfit,badfit,badfit,badfit,nofit,nofit
C=C(NC(C)=O)C(=O)OC,COC(=O)[C@H](C)NC(C)=O,badfit,badfit,badfit,badfit,badfit,badfit,nofit,nofit
C=C(CC(=O)O)C(=O)O,C[C@@H](CC(=O)O)C(=O)O,badfit,badfit,badfit,badfit,badfit,badfit,nofit,nofit
C/C=C(/C)c1ccc(OC)cc1,CC[C@H](C)c1ccc(OC)cc1,badfit,badfit,badfit,badfit,badfit,badfit,nofit,nofit
C/C(=C\c1ccccc1)c1ccccc1,C[C@@H](Cc1ccccc1)c1ccccc1,badfit,badfit,badfit,badfit,badfit,badfit,nofit,nofit
C=C(CC(=O)OC)C(=O)OC,COC(=O)C[C@@H](C)C(=O)OC,badfit,badfit,badfit,badfit,badfit,badfit,nofit,nofit
C=C(CC(C)C)c1ccccc1,CC(C)C[C@H](C)c1ccccc1,badfit,badfit,badfit,badfit,badfit,badfit,nofit,nofit
COC(=O)/C=C(\NC(C)=O)c1ccccc1,COC(=O)C[C@@H](NC(C)=O)c1ccccc1,badfit,5.899988191094685,badfit,badfit,badfit,badfit,5.899988191094685,0.9972680070634711
C=C(NC(C)=O)c1cccc(OC)c1,COc1cccc([C@@H](C)NC(C)=O)c1,badfit,badfit,badfit,badfit,badfit,badfit,nofit,nofit
CC(C)(C)OC(=O)N1CCC/C(=C\c2ccc(Cl)c(Cl)c2)C1=O,CC(C)(C)OC(=O)N1CCC[C@H](Cc2ccc(Cl)c(Cl)c2)C1=O,not found,not found,not found,not found,not found,not found,not found,not found
COC(=O)/C(=C/c1ccc[nH]1)NC(C)=O,COC(=O)[C@H](Cc1ccc[nH]1)NC(C)=O,not found,not found,not found,not found,not found,not found,not found,not found
CC(=O)NC1=C(C)CCCC1,CC(=O)N[C@H]1CCCC[C@H]1C,badfit,badfit,badfit,badfit,badfit,badfit,nofit,nofit
CCOC(=O)/C=C(\C)CCc1ccccc1,CCOC(=O)C[C@@H](C)CCc1ccccc1,0.8354756083413157,1.3705826756978148,badfit,0.8883642381209116,badfit,0.9076448232148575,1.000516836343725,0.7311601826869496
C1=C(c2ccco2)Oc2ccccc2C1,c1coc([C@H]2CCc3ccccc3O2)c1,1.4036211755965833,1.3401027783197244,1.2407012041113816,badfit,1.512947292429214,badfit,1.3743431126142258,0.798080942541219
C=C(CC)c1ccc(OC)cc1,CC[C@H](C)c1ccc(OC)cc1,badfit,badfit,badfit,badfit,badfit,badfit,nofit,nofit
C/C(=C\S(=O)(=O)c1ccc(C)cc1)c1ccc(Br)cc1,Cc1ccc(S(=O)(=O)C[C@@H](C)c2ccc(Br)cc2)cc1,not found,not found,not found,not found,not found,not found,not found,not found
C=C(NC(C)=O)c1ccc(Br)cc1,CC(=O)N[C@H](C)c1ccc(Br)cc1,4.578397714664607,badfit,badfit,badfit,3.970141512012865,badfit,4.274269613338737,0.9862689529644063
COC(=O)/C(=C/C=C/c1ccc(Cl)cc1)NC(C)=O,COC(=O)[C@@H](C/C=C/c1ccc(Cl)cc1)NC(C)=O,not found,not found,not found,not found,not found,not found,not found,not found
C/C(=C\c1ccccc1)c1ccccc1,C[C@H](Cc1ccccc1)c1ccccc1,badfit,badfit,badfit,badfit,badfit,badfit,nofit,nofit
COC(=O)/C(=C/c1ccccc1)NC(C)=O,COC(=O)[C@@H](Cc1ccccc1)NC(C)=O,badfit,badfit,badfit,badfit,badfit,badfit,nofit,nofit
C=C(c1ccccc1)c1ccccc1C(=O)O,C[C@H](c1ccccc1)c1ccccc1C(=O)O,badfit,badfit,badfit,badfit,badfit,badfit,nofit,nofit
COc1ccc(C2=CC(NC(C)=O)=CCC2)cc1,COc1ccc(C2=C[C@H](NC(C)=O)CCC2)cc1,not found,not found,not found,not found,not found,not found,not found,not found
COc1cc(/C=C(\C)NC(C)=O)cc(OC)c1,COc1cc(C[C@@H](C)NC(C)=O)cc(OC)c1,badfit,badfit,1.093114806209588,badfit,badfit,0.15003386595454415,0.621574336082066,0.6505765220039516
COC(=O)/C=C(\NC(C)=O)c1ccccc1,COC(=O)C[C@@H](NC(C)=O)c1ccccc1,badfit,5.899988191094685,badfit,badfit,badfit,badfit,5.899988191094685,0.9972680070634711
C/C=C(\C)c1ccc(OC)cc1,CC[C@@H](C)c1ccc(OC)cc1,badfit,badfit,badfit,badfit,badfit,badfit,nofit,nofit
C/C=C(\C)c1ccc(OC)cc1,CC[C@@H](C)c1ccc(OC)cc1,badfit,badfit,badfit,badfit,badfit,badfit,nofit,nofit
COc1ccc2c(c1)CCC=C2C,COc1ccc2c(c1)CCC[C@@H]2C,badfit,badfit,badfit,badfit,badfit,badfit,nofit,nofit
C=C(CCOC(=O)C(C)(C)C)B1OC(C)(C)C(C)(C)O1,C[C@H](CCOC(=O)C(C)(C)C)B1OC(C)(C)C(C)(C)O1,nofit,nofit,nofit,nofit,nofit,nofit,nofit,nofit
CC(=O)N/C(=C\c1ccccc1)C(=O)O,CC(=O)N[C@@H](Cc1ccccc1)C(=O)O,badfit,badfit,badfit,badfit,badfit,badfit,nofit,nofit
O=c1[nH]c(-c2ccccc2)co1,O=C1N[C@H](c2ccccc2)CO1,badfit,badfit,badfit,badfit,badfit,badfit,nofit,nofit
COC(=O)/C(=C/c1ccc(C)o1)NC=O,COC(=O)[C@@H](Cc1ccc(C)o1)NC=O,1.926983039287979,nan,1.9681744468663673,1.927892619519679,1.8977449311846541,1.955685966748769,1.9352962007214898,0.873834471269795
CCOC(=O)CC1=CCCCC1C(=O)OC,CCOC(=O)C[C@H]1CCCCC1C(=O)OC,1.971574534406313,badfit,2.1290299721668617,1.9591563238153924,badfit,badfit,2.019920276796189,0.882872765323274
COC(=O)/C(=C/c1ccccc1)NC(C)=O,COC(=O)[C@@H](Cc1ccccc1)NC(C)=O,badfit,badfit,badfit,badfit,badfit,badfit,nofit,nofit
CCCCCC1=CCc2[nH]ccc2C1,CCCCC[C@@H]1CCc2[nH]ccc2C1,not found,not found,not found,not found,not found,not found,not found,not found
COC(=O)/C(=C/c1ccccc1)NC(C)=O,COC(=O)[C@H](Cc1ccccc1)NC(C)=O,badfit,badfit,badfit,badfit,badfit,badfit,nofit,nofit
O=C1C=C(c2ccccc2)CCCN1,O=C1C[C@H](c2ccccc2)CCCN1,badfit,badfit,badfit,badfit,badfit,badfit,nofit,nofit
C=C(OP(=O)(c1ccccc1)c1ccccc1)c1ccc(C)cc1,Cc1ccc([C@H](C)OP(=O)(c2ccccc2)c2ccccc2)cc1,not found,not found,not found,not found,not found,not found,not found,not found
CC/C(=C\C(C)=O)c1ccccc1,CC[C@H](CC(C)=O)c1ccccc1,not found,not found,not found,not found,not found,not found,not found,not found
C/C(=C\c1ccccc1)c1ccccc1,C[C@@H](Cc1ccccc1)c1ccccc1,badfit,badfit,badfit,badfit,badfit,badfit,nofit,nofit
C=C(NC(C)=O)c1ccccc1,CC(=O)N[C@@H](C)c1ccccc1,badfit,badfit,badfit,badfit,badfit,badfit,nofit,nofit
C=C(CC(=O)OC)C(=O)O,COC(=O)C[C@@H](C)C(=O)O,badfit,badfit,badfit,badfit,badfit,badfit,nofit,nofit
COC(=O)/C=C(/C)NC(C)=O,COC(=O)C[C@H](C)NC(C)=O,badfit,badfit,badfit,badfit,badfit,badfit,nofit,nofit
CC(=O)N/C(=C/S(C)(=O)=O)c1ccccc1,CC(=O)N[C@@H](CS(C)(=O)=O)c1ccccc1,badfit,badfit,badfit,badfit,0.3562448142454727,badfit,0.3562448142454727,0.5881311065023331
CC(=O)N/C(=C\[N+](=O)[O-])c1cccc(C)c1,CC(=O)N[C@H](C[N+](=O)[O-])c1cccc(C)c1,nofit,nofit,nofit,nofit,nofit,nofit,nofit,nofit
O=C1C=C(c2ccccc2F)C(=O)O1,O=C1C[C@H](c2ccccc2F)C(=O)O1,not found,not found,not found,not found,not found,not found,not found,not found
C=C(CC(=O)OC)C(=O)OC,COC(=O)C[C@H](C)C(=O)OC,badfit,badfit,badfit,badfit,badfit,badfit,nofit,nofit
C/C=C(\C)c1ccc(OC)cc1,CC[C@@H](C)c1ccc(OC)cc1,badfit,badfit,badfit,badfit,badfit,badfit,nofit,nofit
COC(=O)/C=C(\C#N)c1ccccc1,COC(=O)C[C@@H](C#N)c1ccccc1,badfit,badfit,-0.8655845937076805,badfit,badfit,badfit,-0.8655845937076805,0.29617388604971184
C=C(NC(C)=O)c1ccccc1,CC(=O)N[C@@H](C)c1ccccc1,badfit,badfit,badfit,badfit,badfit,badfit,nofit,nofit
CC(=O)N/C(=C\c1ccccc1)C(=O)O,CC(=O)N[C@@H](Cc1ccccc1)C(=O)O,badfit,badfit,badfit,badfit,badfit,badfit,nofit,nofit
CCOC(=O)C1=C(NC(C)=O)CCC1,CCOC(=O)[C@H]1CCC[C@H]1NC(C)=O,5.4063750971841245,5.027336271201278,4.81343479736006,4.81685132075541,badfit,badfit,5.0159993716252185,0.9934126786506774
C=C(CC)c1ccccc1,CC[C@H](C)c1ccccc1,badfit,badfit,badfit,badfit,badfit,badfit,nofit,nofit
C=C(CC(=O)OC)C(=O)OC,COC(=O)C[C@@H](C)C(=O)OC,badfit,badfit,badfit,badfit,badfit,badfit,nofit,nofit
CCOC(=O)/C=C(\C)c1ccccc1,CCOC(=O)C[C@@H](C)c1ccccc1,badfit,badfit,badfit,badfit,badfit,badfit,nofit,nofit
C=C(NC(C)=O)c1ccc(Cl)cc1,CC(=O)N[C@H](C)c1ccc(Cl)cc1,badfit,badfit,badfit,badfit,badfit,badfit,nofit,nofit
COC(=O)/C(=C/c1cccc(Br)c1)NC(C)=O,COC(=O)[C@@H](Cc1cccc(Br)c1)NC(C)=O,badfit,badfit,badfit,badfit,badfit,badfit,nofit,nofit
OCC1=Cc2ccccc2OC1,OC[C@@H]1COc2ccccc2C1,2.8136146150817023,2.977415248512024,badfit,badfit,badfit,badfit,2.895514931796863,0.9476242781327966
COC(=O)/C(NC(C)=O)=C(/c1ccccc1)c1cn(C(=O)OC(C)(C)C)c2ncccc12,COC(=O)[C@@H](NC(C)=O)[C@@H](c1ccccc1)c1cn(C(=O)OC(C)(C)C)c2ncccc12,0,0,0,0,0,0,0.0,0.5
COC(=O)/C(=C/c1cccc(F)c1)NC(C)=O,COC(=O)[C@H](Cc1cccc(F)c1)NC(C)=O,nofit,nofit,nofit,nofit,nofit,nofit,nofit,nofit
C/C=C(\C)c1ccc(OC)cc1,CC[C@@H](C)c1ccc(OC)cc1,badfit,badfit,badfit,badfit,badfit,badfit,nofit,nofit
CC(=O)NC1=CCCc2ccccc21,CC(=O)N[C@@H]1CCCc2ccccc21,badfit,badfit,badfit,badfit,badfit,badfit,nofit,nofit
O=C1C=C(c2ccccc2)C(=O)O1,O=C1C[C@H](c2ccccc2)C(=O)O1,0.891230621565029,badfit,1.3802854735310532,badfit,badfit,1.8898802783242115,1.3871321244734311,0.8001340084485186
C=C(OC(=O)N(c1ccccc1)c1ccccc1)c1ccccc1,C[C@H](OC(=O)N(c1ccccc1)c1ccccc1)c1ccccc1,badfit,badfit,0.9385655851095089,badfit,1.0226630121284699,badfit,0.9806142986189894,0.7272300896078716
C=C(NC(C)=O)c1ccccc1,CC(=O)N[C@@H](C)c1ccccc1,badfit,badfit,badfit,badfit,badfit,badfit,nofit,nofit
CCCC/C(=C/P(=O)(OC)OC)OC(=O)c1ccccc1,COP(=O)(C[C@H](OC(=O)c1ccccc1)C(C)C)OC,not found,not found,not found,not found,not found,not found,not found,not found
CC/C=C(/NC(C)=O)c1ccccc1,CCC[C@H](NC(C)=O)c1ccccc1,0.3701237781234106,nan,badfit,badfit,0.32786985084248776,0.6762014450932572,0.45806502468638516,0.6125550459512173
C=C(CC)c1ccccc1,CC[C@H](C)c1ccccc1,badfit,badfit,badfit,badfit,badfit,badfit,nofit,nofit
C/C(=C\[N+](=O)[O-])c1ccccc1,C[C@@H](C[N+](=O)[O-])c1ccccc1,badfit,badfit,badfit,nofit,nofit,nofit,nofit,nofit
C=C(NC(C)=O)C(=O)OC,COC(=O)[C@H](C)NC(C)=O,badfit,badfit,badfit,badfit,badfit,badfit,nofit,nofit
CC1=Cc2ccccc2CC1,C[C@H]1CCc2ccccc2C1,badfit,badfit,badfit,4.544225135805526,badfit,badfit,4.544225135805526,0.9894833699079666
C=C(NC(C)=O)c1ccc(F)cc1,CC(=O)N[C@H](C)c1ccc(F)cc1,badfit,badfit,badfit,badfit,badfit,badfit,nofit,nofit
CCc1cccc(C)c1/N=C(\C)COC,CCc1cccc(C)c1N[C@@H](C)COC,badfit,badfit,badfit,badfit,badfit,badfit,nofit,nofit
CC(=O)NC1=CCCC(c2ccccc2)=C1,CC(=O)N[C@H]1C=C(c2ccccc2)CCC1,badfit,3.6343857488830054,badfit,3.5618837140459183,badfit,badfit,3.598134731464462,0.9733546727131636
CCOC(=O)/C=C(\C)c1ccc(OC)cc1,CCOC(=O)C[C@H](C)c1ccc(OC)cc1,badfit,badfit,3.411361696438785,badfit,4.50495529814261,badfit,3.9581584972906976,0.9812596563830738
COC(=O)/C(C)=C(\c1cccc(OCc2ccccc2)c1)C1CC1,COC(=O)[C@H](C)[C@@H](c1cccc(OCc2ccccc2)c1)C1CC1,badfit,badfit,badfit,badfit,badfit,badfit,nofit,nofit
C/C=C(\C)c1ccc(OC)cc1,CC[C@H](C)c1ccc(OC)cc1,badfit,badfit,badfit,badfit,badfit,badfit,nofit,nofit
CCOC(=O)/C(OC(C)=O)=C(\NC(C)=O)c1ccccc1,CCOC(=O)[C@H](OC(C)=O)[C@@H](NC(C)=O)c1ccccc1,badfit,badfit,badfit,badfit,badfit,badfit,nofit,nofit
C=C(B1OC(C)(C)C(C)(C)O1)c1ccccc1,C[C@H](B1OC(C)(C)C(C)(C)O1)c1ccccc1,0.48438487469792335,badfit,0.8198105022401059,0.3954149871725452,0.7115078165720359,0.9355117217297124,0.6693259804824645,0.6613522185317955
C/C=C(/C)c1ccc(OC)cc1,CC[C@H](C)c1ccc(OC)cc1,badfit,badfit,badfit,badfit,badfit,badfit,nofit,nofit
C=C(NC(C)=O)C(=O)OC,COC(=O)[C@H](C)NC(C)=O,badfit,badfit,badfit,badfit,badfit,badfit,nofit,nofit
C/C=C(\Oc1ccccc1)C(=O)O,CC[C@H](Oc1ccccc1)C(=O)O,badfit,badfit,badfit,badfit,badfit,badfit,nofit,nofit
CC(=O)NC1=CCCc2ccccc21,CC(=O)N[C@@H]1CCCc2ccccc21,badfit,badfit,badfit,badfit,badfit,badfit,nofit,nofit
C=C(CC)OC(=O)c1ccccc1,CC[C@H](C)OC(=O)c1ccccc1,not found,not found,not found,not found,not found,not found,not found,not found
CC(=O)N/C(=C\[N+](=O)[O-])C(C)C,CC(=O)N[C@H](C[N+](=O)[O-])C(C)C,nofit,nofit,nofit,nofit,nofit,nofit,nofit,nofit
CCOC(=O)/C=C(\C)c1ccccc1,CCOC(=O)C[C@@H](C)c1ccccc1,badfit,badfit,badfit,badfit,badfit,badfit,nofit,nofit
COC(=O)c1ccc(O)c(C2=CCCC2(C)C)c1,COC(=O)c1ccc(O)c([C@@H]2CCCC2(C)C)c1,0,0,0,0,0,0,0.0,0.5
C=C(CC(=O)OC)C(=O)OC,COC(=O)C[C@@H](C)C(=O)OC,badfit,badfit,badfit,badfit,badfit,badfit,nofit,nofit
CC(=O)OC/C=C(\C)c1ccccc1,CC(=O)OCC[C@@H](C)c1ccccc1,nofit,nofit,nofit,nofit,nofit,nofit,nofit,nofit
C/C(=C\c1ccccc1)CO,CC(CO)[C@@H](C)c1ccccc1,3.178053830347946,3.178053830347949,3.178053830207169,badfit,badfit,badfit,3.178053830301021,0.9599999999981981
COc1ccc(/C=C(\C)C(C)=O)cc1,COc1ccc(C[C@H](C)C(C)=O)cc1,badfit,badfit,badfit,4.047848429323734,4.879552657359961,badfit,4.463700543341847,0.9886115358507019
CC(C)(C)OC(=O)C(=O)N/C(=C\C1CC1)C(=O)OCc1ccccc1,CC(C)(C)OC(=O)C(=O)N[C@@H](CC1CC1)C(=O)OCc1ccccc1,badfit,badfit,badfit,badfit,badfit,badfit,nofit,nofit
C/C(=C\[N+](=O)[O-])c1ccccc1,C[C@@H](C[N+](=O)[O-])c1ccccc1,badfit,badfit,badfit,nofit,nofit,nofit,nofit,nofit
CC(C)/C(=C\C(=O)c1ccccc1)c1ccccc1,CC(C)[C@@H](CC(=O)c1ccccc1)c1ccccc1,not found,not found,not found,not found,not found,not found,not found,not found
CC(=O)NC1=Cc2ccccc2CC1,CC(=O)N[C@@H]1CCc2ccccc2C1,badfit,badfit,badfit,badfit,badfit,badfit,nofit,nofit
C/C(=C\c1ccccc1)c1ccccc1,C[C@H](Cc1ccccc1)c1ccccc1,badfit,badfit,badfit,badfit,badfit,badfit,nofit,nofit
C/C(=C\c1ccccc1)C(=O)OC(C)C,CC(C)OC(=O)[C@H](C)Cc1ccccc1,badfit,badfit,badfit,badfit,badfit,7.000185192479421,7.000185192479421,0.9990891173561374
C=C(C(=O)O)c1ccc2cc(OC)ccc2c1,COc1ccc2cc([C@@H](C)C(=O)O)ccc2c1,3.2459683564264785,3.245968356426477,3.2459683556718595,3.245968356538923,3.2459683584274295,3.24596835467802,3.2459683563615314,0.9625279706814782
C=C(CC(=O)O)C(=O)OC,COC(=O)[C@H](C)CC(=O)O,badfit,badfit,badfit,badfit,badfit,badfit,nofit,nofit
CCC(/C=C(\NC(C)=O)C(=O)OC)CC,CCC(CC)C[C@@H](NC(C)=O)C(=O)OC,not found,not found,not found,not found,not found,not found,not found,not found
COC(=O)/C(=C/c1ccc(Cl)cc1)NC(C)=O,COC(=O)[C@H](Cc1ccc(Cl)cc1)NC(C)=O,badfit,badfit,badfit,badfit,badfit,badfit,nofit,nofit
C=C(c1ccccc1)C(C)(C)C,C[C@H](c1ccccc1)C(C)(C)C,badfit,badfit,badfit,badfit,badfit,badfit,nofit,nofit
COC(=O)/C(=C/c1ccccc1)NC(C)=O,COC(=O)[C@H](Cc1ccccc1)NC(C)=O,badfit,badfit,badfit,badfit,badfit,badfit,nofit,nofit
C/C=C(\Oc1ccccc1)C(=O)O,CC[C@@H](Oc1ccccc1)C(=O)O,badfit,4.633882725717257,badfit,badfit,badfit,1.7883666542160732,3.211124689966665,0.9612507794140268
C=C(CC)c1ccc(OC)cc1,CC[C@H](C)c1ccc(OC)cc1,badfit,badfit,badfit,badfit,badfit,badfit,nofit,nofit
C=C(CC(=O)OC)C(=O)OC,COC(=O)C[C@@H](C)C(=O)OC,badfit,badfit,badfit,badfit,badfit,badfit,nofit,nofit
COC(=O)/C(=C/c1ccccc1)NC(C)=O,COC(=O)[C@@H](Cc1ccccc1)NC(C)=O,badfit,badfit,badfit,badfit,badfit,badfit,nofit,nofit
COC(=O)/C(=C/c1ccccc1)NC(C)=O,COC(=O)[C@H](Cc1ccccc1)NC(C)=O,badfit,badfit,badfit,badfit,badfit,badfit,nofit,nofit
C=C(CC(C)C)c1ccccc1,CC(C)C[C@H](C)c1ccccc1,badfit,badfit,badfit,badfit,badfit,badfit,nofit,nofit
C1=C(N2CCCC2)c2ccccc2CC1,c1ccc2c(c1)CCC[C@@H]2N1CCCC1,not found,not found,not found,not found,not found,not found,not found,not found
CCOC(=O)/C(F)=C\c1ccccc1,CCOC(=O)[C@@H](F)Cc1ccccc1,nofit,nofit,nofit,nofit,nofit,nofit,nofit,nofit
C/C=C(/C)c1ccc(OC)cc1,CC[C@H](C)c1ccc(OC)cc1,badfit,badfit,badfit,badfit,badfit,badfit,nofit,nofit
C=C(OC(=O)c1ccccc1)P(=O)(OC)OC,COP(=O)(OC)[C@H](C)OC(=O)c1ccccc1,2.762874410334746,2.372929445874405,5.048937085038958,1.6038278267046735,1.6566453726823696,6.993187100605198,3.4064002068733914,0.967903959920314
COc1ccc(/C(C)=C/c2ccccc2)cc1,COc1ccc([C@H](C)Cc2ccccc2)cc1,badfit,badfit,badfit,badfit,badfit,badfit,nofit,nofit
CC1(C)OB(/C(=C/c2ccccc2)N2CCOC2=O)OC1(C)C,CC1(C)OB([C@@H](Cc2ccccc2)N2CCOC2=O)OC1(C)C,badfit,2.260777783489047,1.6193312971390412,badfit,badfit,badfit,1.9400545403140441,0.8743581351869989
O=C(O)/C=C(\c1ccccc1)c1ccc(Br)cc1,O=C(O)C[C@H](c1ccccc1)c1ccc(Br)cc1,not found,not found,not found,not found,not found,not found,not found,not found
CCOC(=O)/C=C1\Nc2ccccc2OC1=O,CCOC(=O)C[C@H]1Nc2ccccc2OC1=O,badfit,badfit,badfit,badfit,badfit,badfit,nofit,nofit
C=C(c1ccc(Cl)cc1)N(C)Cc1ccccc1,C[C@H](c1ccc(Cl)cc1)N(C)Cc1ccccc1,not found,not found,not found,not found,not found,not found,not found,not found
COC(=O)/C(=C/c1ccccc1)NC(C)=O,COC(=O)[C@@H](Cc1ccccc1)NC(C)=O,badfit,badfit,badfit,badfit,badfit,badfit,nofit,nofit
CON(C)C(=O)/C=C(\C)c1ccccc1,CON(C)C(=O)C[C@@H](C)c1ccccc1,badfit,badfit,1.992918273591501,badfit,badfit,badfit,1.992918273591501,0.8800515347402187
C=C(NC(C)=O)c1ccc(C(F)(F)F)cc1,CC(=O)N[C@H](C)c1ccc(C(F)(F)F)cc1,badfit,7.156464999928616,badfit,badfit,badfit,badfit,7.156464999928616,0.9992208013220704
C/C=C(\C)c1ccc(OC)cc1,CC[C@@H](C)c1ccc(OC)cc1,badfit,badfit,badfit,badfit,badfit,badfit,nofit,nofit
CC(C)(C)OC(=O)N1CCCC/C(=C\c2ccccc2)C1=O,CC(C)(C)OC(=O)N1CCCC[C@@H](Cc2ccccc2)C1=O,3.6912356991126103,badfit,3.8586249806727153,badfit,4.154644961876279,badfit,3.901501880553868,0.9801888797860278
C=C(NC=O)C(=O)OC,COC(=O)[C@@H](C)NC=O,5.293304824724491,5.293304824724491,5.293304824724491,5.293304824724491,5.293304824724491,5.293304824724491,5.293304824724491,0.995
C=C(CC(=O)OC)C(=O)O,COC(=O)C[C@@H](C)C(=O)O,badfit,badfit,badfit,badfit,badfit,badfit,nofit,nofit
COC(=O)/C(=C/c1ccccc1Cl)NC(C)=O,COC(=O)[C@@H](Cc1ccccc1Cl)NC(C)=O,badfit,badfit,badfit,badfit,badfit,badfit,nofit,nofit
C/C(=C\c1ccccc1)c1ccccc1,C[C@@H](Cc1ccccc1)c1ccccc1,badfit,badfit,badfit,badfit,badfit,badfit,nofit,nofit
COc1ccc(/C=C(\C)CO)cc1,COc1ccc(C[C@@H](C)CO)cc1,3.316780039849572,3.316780039849572,3.316780039292695,3.316780037999744,3.3167800399331617,3.3167800399536236,3.316780039479728,0.9649999999875085
CC(=O)N/C(=C\Cc1ccccc1)c1ccccc1,CC(=O)N[C@H](CCc1ccccc1)c1ccccc1,nofit,nofit,nofit,nofit,nofit,nofit,nofit,nofit
C/C(=C\c1ccccc1)c1ccccc1,C[C@H](Cc1ccccc1)c1ccccc1,badfit,badfit,badfit,badfit,badfit,badfit,nofit,nofit
CC/C=C(\NC(C)=O)c1ccccc1,CCC[C@H](NC(C)=O)c1ccccc1,badfit,badfit,badfit,badfit,badfit,badfit,nofit,nofit
COC(=O)/C(=C/c1ccc(OC)cc1)NC(C)=O,COC(=O)[C@@H](Cc1ccc(OC)cc1)NC(C)=O,badfit,badfit,badfit,badfit,badfit,badfit,nofit,nofit
COc1ccc2c(c1)CCC=C2C,COc1ccc2c(c1)CCC[C@H]2C,badfit,badfit,badfit,badfit,badfit,badfit,nofit,nofit
CC(C)(C)[NH3+].CC(C)/C=C(\C#N)CC(=O)[O-],CC(C)(C)[NH3+].CC(C)C[C@H](C#N)CC(=O)[O-],badfit,badfit,badfit,badfit,badfit,badfit,nofit,nofit
CCOC(=O)/C=C(\C)c1ccccc1,CCOC(=O)C[C@@H](C)c1ccccc1,badfit,badfit,badfit,badfit,badfit,badfit,nofit,nofit
CCOC(=O)/C=C(\C)c1ccccc1,CCOC(=O)C[C@@H](C)c1ccccc1,badfit,badfit,badfit,badfit,badfit,badfit,nofit,nofit
C/C(=C\c1ccccc1)c1ccccc1,C[C@@H](Cc1ccccc1)c1ccccc1,badfit,badfit,badfit,badfit,badfit,badfit,nofit,nofit
O=C(/C=C1/CCc2ccccc2N1)c1ccccc1,O=C(C[C@H]1CCc2ccccc2N1)c1ccccc1,badfit,badfit,badfit,badfit,badfit,badfit,nofit,nofit
[H]/C=C(/NC(C)=O)C(=O)OC,COC(=O)[C@@H](C)NC(C)=O,badfit,badfit,badfit,badfit,badfit,badfit,nofit,nofit
CCOC(=O)/C=C(/C)c1ccccc1,CCOC(=O)C[C@H](C)c1ccccc1,badfit,badfit,badfit,badfit,badfit,badfit,nofit,nofit
C=C(/C=C\C)/C=C(\C)c1ccccc1,C=C(/C=C\C)C[C@@H](C)c1ccccc1,badfit,badfit,badfit,badfit,badfit,badfit,nofit,nofit
COC(=O)/C(C)=C/c1ccccc1,COC(=O)[C@H](C)Cc1ccccc1,badfit,badfit,badfit,badfit,badfit,badfit,nofit,nofit
COC(=O)/C(C)=C/c1ccccc1,COC(=O)[C@@H](C)Cc1ccccc1,3.7038966531362973,3.639603643635727,3.501325084698479,3.388378769376094,2.724425237974538,2.858713461291692,3.3027238083521375,0.9645221352545663
C=C(NC(C)=O)c1ccccc1,CC(=O)N[C@H](C)c1ccccc1,badfit,badfit,badfit,badfit,badfit,badfit,nofit,nofit
C=C(CC(=O)OC)C(=O)O,COC(=O)C[C@H](C)C(=O)O,0.9195435102639671,0.9069878691367954,0.9619233576418207,badfit,badfit,badfit,0.9294849123475277,0.7169707736917194
CC(=O)N/C(C#N)=C\c1ccccc1,CC(=O)N[C@H](C#N)Cc1ccccc1,badfit,badfit,badfit,badfit,badfit,badfit,nofit,nofit
C=C(CC(=O)C1CC1)C(=O)O,C[C@@H](CC(=O)C1CC1)C(=O)O,nofit,nofit,nofit,nofit,nofit,nofit,nofit,nofit
C/C(=C\c1ccccc1)c1ccccc1,C[C@H](Cc1ccccc1)c1ccccc1,badfit,badfit,badfit,badfit,badfit,badfit,nofit,nofit
COC(=O)/C(=C/c1ccccc1)NC(C)=O,COC(=O)[C@@H](Cc1ccccc1)NC(C)=O,badfit,badfit,badfit,badfit,badfit,badfit,nofit,nofit
COC(=O)/C(=C/c1ccccc1)NC(C)=O,COC(=O)[C@@H](Cc1ccccc1)NC(C)=O,badfit,badfit,badfit,badfit,badfit,badfit,nofit,nofit
C=C(CC(=O)O)C(=O)O,C[C@H](CC(=O)O)C(=O)O,badfit,badfit,badfit,badfit,badfit,badfit,nofit,nofit
C/C(=C\c1ccccc1)C(=O)O,C[C@@H](Cc1ccccc1)C(=O)O,badfit,badfit,badfit,badfit,badfit,badfit,nofit,nofit
Brc1ccc(C2=CCc3ccccc3O2)cc1,Brc1ccc([C@H]2CCc3ccccc3O2)cc1,0.38461674841510796,badfit,badfit,badfit,badfit,badfit,0.38461674841510796,0.5949861221680482
CCC/C(=C\C(=O)OCC)NC(C)=O,CCC[C@H](CC(=O)OCC)NC(C)=O,4.216244398403802,3.2814856998464315,3.6614576419282834,3.8753778465246214,2.8854044084694195,2.776691287440105,3.4494435471021103,0.9692145416948509
COC(=O)/C=C(\C)NC(C)=O,COC(=O)C[C@H](C)NC(C)=O,badfit,badfit,badfit,badfit,badfit,badfit,nofit,nofit
COC(=O)/C(F)=C(\NC(C)=O)c1ccc2ccccc2c1,COC(=O)[C@H](F)[C@@H](NC(C)=O)c1ccc2ccccc2c1,not found,not found,not found,not found,not found,not found,not found,not found
C=C(c1ccccc1)c1ccccc1C(=O)O,C[C@H](c1ccccc1)c1ccccc1C(=O)O,badfit,badfit,badfit,badfit,badfit,badfit,nofit,nofit
CC(=O)N/C(C)=C\C(=O)c1ccccc1,CC(=O)N[C@@H](C)CC(=O)c1ccccc1,badfit,badfit,badfit,badfit,badfit,badfit,nofit,nofit
CON(C)C(=O)/C=C(\C)c1ccccc1,CON(C)C(=O)C[C@@H](C)c1ccccc1,badfit,badfit,1.992918273591501,badfit,badfit,badfit,1.992918273591501,0.8800515347402187
CCOC(=O)/C(F)=C(\NC(C)=O)c1ccccc1,CCOC(=O)[C@H](F)[C@@H](NC(C)=O)c1ccccc1,badfit,nan,badfit,badfit,badfit,badfit,nofit,nofit
CC(C)/C=C(/Cl)B1OC(C)(C)C(C)(C)O1,CC(C)C[C@@H](Cl)B1OC(C)(C)C(C)(C)O1,badfit,badfit,badfit,badfit,badfit,badfit,nofit,nofit
C=C(CC)c1ccccc1,CC[C@@H](C)c1ccccc1,badfit,badfit,badfit,badfit,badfit,badfit,nofit,nofit
CCOC(=O)/C=C(\C)c1ccccc1,CCOC(=O)C[C@@H](C)c1ccccc1,badfit,badfit,badfit,badfit,badfit,badfit,nofit,nofit
CC/C(C)=C/[C@@H](O)CO[Si](c1ccccc1)(c1ccccc1)C(C)(C)C,C[C@@H](CO)C[C@@H](O)CO[Si](c1ccccc1)(c1ccccc1)C(C)(C)C,not found,not found,not found,not found,not found,not found,not found,not found
C=C(NC(C)=O)c1ccc(Cl)cc1,CC(=O)N[C@@H](C)c1ccc(Cl)cc1,badfit,badfit,badfit,badfit,2.3892553203586715,badfit,2.3892553203586715,0.9160042898768912
Cc1cc2ccccc2[nH]1,C[C@@H]1Cc2ccccc2N1,badfit,3.6107105991071475,3.555937979415866,badfit,3.73943398988597,3.7471957936149813,3.663319590505991,0.9749940992157512
C/C=C(/C)c1ccc(OC)cc1,CC[C@@H](C)c1ccc(OC)cc1,badfit,badfit,badfit,badfit,badfit,badfit,nofit,nofit
CC(=O)NC1=CCCC(/C=C/c2ccccc2)=C1,CC(=O)N[C@H]1C=C(/C=C/c2ccccc2)CCC1,not found,not found,not found,not found,not found,not found,not found,not found
COc1ccc2c(c1)CCC(NC(C)=O)=C2,COc1ccc2c(c1)CC[C@@H](NC(C)=O)C2,not found,not found,not found,not found,not found,not found,not found,not found
CC1=C(C)c2ccccc2C1,C[C@H]1Cc2ccccc2[C@H]1C,badfit,badfit,badfit,badfit,badfit,badfit,nofit,nofit
C=C(CC(=O)O)C(=O)OC,COC(=O)[C@H](C)CC(=O)O,badfit,badfit,badfit,badfit,badfit,badfit,nofit,nofit
[H]/C=C(/NC(C)=O)C(=O)OC,COC(=O)[C@@H](C)NC(C)=O,badfit,badfit,badfit,badfit,badfit,badfit,nofit,nofit
C=C(NC(C)=O)C(=C)c1ccccc1,C=C(c1ccccc1)[C@H](C)NC(C)=O,badfit,3.7733701672764752,badfit,badfit,badfit,badfit,3.7733701672764752,0.9775414688857055
C/C(=C\c1ccccc1)c1ccccc1,C[C@H](Cc1ccccc1)c1ccccc1,badfit,badfit,badfit,badfit,badfit,badfit,nofit,nofit
O=C(O)/C(=C/c1ccccc1)c1ccccc1,O=C(O)[C@H](Cc1ccccc1)c1ccccc1,badfit,badfit,badfit,badfit,badfit,badfit,nofit,nofit
COC(=O)/C(=C/c1ccccc1)CNC(C)=O,COC(=O)[C@@H](CNC(C)=O)Cc1ccccc1,badfit,badfit,badfit,badfit,badfit,badfit,nofit,nofit
C=C(CC)c1ccccc1,CC[C@H](C)c1ccccc1,badfit,badfit,badfit,badfit,badfit,badfit,nofit,nofit
C/C(=C\CO)c1ccccc1,C[C@@H](CCO)c1ccccc1,0,0,0,0,0,0,0.0,0.5
C=C(C(=O)O)c1ccccc1,C[C@H](C(=O)O)c1ccccc1,badfit,badfit,badfit,badfit,badfit,badfit,nofit,nofit
O=C1CCC/C1=C\c1ccccc1,O=C1CCC[C@H]1Cc1ccccc1,badfit,badfit,badfit,badfit,badfit,badfit,nofit,nofit
C=C(NC(C)=O)c1ccccc1,CC(=O)N[C@H](C)c1ccccc1,badfit,badfit,badfit,badfit,badfit,badfit,nofit,nofit
COC(=O)/C=C(\C)NC(C)=O,COC(=O)C[C@H](C)NC(C)=O,badfit,badfit,badfit,badfit,badfit,badfit,nofit,nofit
Cc1ccccc1C(=O)/C=C1/CCc2ccccc2N1,Cc1ccccc1C(=O)C[C@H]1CCc2ccccc2N1,not found,not found,not found,not found,not found,not found,not found,not found
C=C1CCCCc2ccccc21,C[C@H]1CCCCc2ccccc21,nofit,nofit,nofit,nofit,nofit,nofit,nofit,nofit
O=C1/C(=C/c2ccccc2)Cc2ccccc21,O=C1c2ccccc2C[C@@H]1Cc1ccccc1,not found,not found,not found,not found,not found,not found,not found,not found
CC(C)(C)c1ccc2c(c1)C=C(CO)CO2,CC(C)(C)c1ccc2c(c1)C[C@H](CO)CO2,not found,not found,not found,not found,not found,not found,not found,not found
C=C(CC(=O)OC)C(=O)OC,COC(=O)C[C@H](C)C(=O)OC,badfit,badfit,badfit,badfit,badfit,badfit,nofit,nofit
COC(=O)/C(=C/c1ccccc1)NC(C)=O,COC(=O)[C@@H](Cc1ccccc1)NC(C)=O,badfit,badfit,badfit,badfit,badfit,badfit,nofit,nofit
COC(=O)/C(=C/c1ccccc1)NC(C)=O,COC(=O)[C@@H](Cc1ccccc1)NC(C)=O,badfit,badfit,badfit,badfit,badfit,badfit,nofit,nofit
C/C=C(\C)c1ccc(OC)cc1,CC[C@@H](C)c1ccc(OC)cc1,badfit,badfit,badfit,badfit,badfit,badfit,nofit,nofit
CCOC(=O)/C=C(\C)c1ccccc1,CCOC(=O)C[C@@H](C)c1ccccc1,badfit,badfit,badfit,badfit,badfit,badfit,nofit,nofit
COC(=O)/C(=C/c1ccccc1)CNC(C)=O,COC(=O)[C@@H](CNC(C)=O)Cc1ccccc1,badfit,badfit,badfit,badfit,badfit,badfit,nofit,nofit
COc1cccc2c1C=C(NC(C)=O)CC2,COc1cccc2c1C[C@H](NC(C)=O)CC2,nofit,nofit,nofit,nofit,nofit,nofit,nofit,nofit
CCOC(=O)/C=C(/B1OC(C)(C)C(C)(C)O1)c1ccc(F)cc1,CCOC(=O)C[C@H](B1OC(C)(C)C(C)(C)O1)c1ccc(F)cc1,not found,not found,not found,not found,not found,not found,not found,not found
CCOC(=O)/C=C(\C)c1ccccc1,CCOC(=O)C[C@@H](C)c1ccccc1,badfit,badfit,badfit,badfit,badfit,badfit,nofit,nofit
CCOC(=O)/C=C(/B1OC(C)(C)C(C)(C)O1)c1ccccc1,CCOC(=O)C[C@@H](B1OC(C)(C)C(C)(C)O1)c1ccccc1,badfit,badfit,badfit,badfit,badfit,badfit,nofit,nofit
C=C(NC(C)=O)C(=O)OC,COC(=O)[C@@H](C)NC(C)=O,badfit,badfit,badfit,badfit,badfit,badfit,nofit,nofit
CCOC(=O)/C=C(\C)c1ccccc1,CCOC(=O)C[C@H](C)c1ccccc1,badfit,badfit,badfit,badfit,badfit,badfit,nofit,nofit
C/C(=C\c1ccc(C)cc1)C(=O)O,Cc1ccc(C[C@@H](C)C(=O)O)cc1,not found,not found,not found,not found,not found,not found,not found,not found
CC(=O)NC1=CCCc2ccccc21,CC(=O)N[C@@H]1CCCc2ccccc21,badfit,badfit,badfit,badfit,badfit,badfit,nofit,nofit
C=C(C[Si](C)(C)C)c1ccccc1,C[C@H](C[Si](C)(C)C)c1ccccc1,-8.53465942918865,3.0815030853895244,3.2184606681439387,3.1986235361815067,3.714679320584434,1.8838374293628881,1.0937407684122735,0.7490854779824944
C/C=C(\NC(C)=O)C(=O)CC,CCC(=O)[C@H](CC)NC(C)=O,not found,not found,not found,not found,not found,not found,not found,not found
C=C(c1ccccc1)C(C)(C)C,C[C@H](c1ccccc1)C(C)(C)C,badfit,badfit,badfit,badfit,badfit,badfit,nofit,nofit
C=C(NC(C)=O)c1cccc2ccccc12,CC(=O)N[C@H](C)c1cccc2ccccc12,3.178440941897666,2.0041349736363614,3.658308336060685,badfit,4.836222317832117,badfit,3.4192766423567074,0.9683015766661996
Cc1ccccc1/C=C1\CCCCC1=O,Cc1ccccc1C[C@@H]1CCCCC1=O,-88.91653810204491,-40.73648474859306,-4.115137457714212,2.1212167154797825,9.538538025468268,0.9890001021755452,-20.186567577538096,1.7103503929778976e-09
COC(=O)/C=C(/C)NC(C)=O,COC(=O)C[C@@H](C)NC(C)=O,badfit,badfit,badfit,badfit,10.829071182566954,badfit,10.829071182566954,0.999980185389679
COC(=O)/C(=C/c1ccccc1)NC(C)=O,COC(=O)[C@H](Cc1ccccc1)NC(C)=O,badfit,badfit,badfit,badfit,badfit,badfit,nofit,nofit
COC(=O)/C=C(\C)NC(C)=O,COC(=O)C[C@H](C)NC(C)=O,badfit,badfit,badfit,badfit,badfit,badfit,nofit,nofit
c1ccc(C2=NCCC2)cc1,c1ccc([C@@H]2CCCN2)cc1,nofit,nofit,nofit,nofit,nofit,nofit,nofit,nofit
C=C(c1ccccc1)P(=O)(O)O,C[C@@H](c1ccccc1)P(=O)(O)O,3.119839149975503,badfit,badfit,badfit,badfit,badfit,3.119839149975503,0.9577037130356558
O=C(O)/C(=C/c1ccccc1)c1ccccc1,O=C(O)[C@H](Cc1ccccc1)c1ccccc1,badfit,badfit,badfit,badfit,badfit,badfit,nofit,nofit
C=C(CC(=O)OC)C(=O)OC,COC(=O)C[C@@H](C)C(=O)OC,badfit,badfit,badfit,badfit,badfit,badfit,nofit,nofit
CC(C)=C(C(=O)O)c1ccc(F)cc1,CC(C)[C@@H](C(=O)O)c1ccc(F)cc1,not found,not found,not found,not found,not found,not found,not found,not found
C=C(c1ccccc1)c1ccccc1C(=O)O,C[C@@H](c1ccccc1)c1ccccc1C(=O)O,badfit,badfit,badfit,badfit,badfit,badfit,nofit,nofit
CCCCc1cc2ccccc2[nH]1,CCCC[C@@H]1Cc2ccccc2N1,4.184591440069878,4.1845914400698785,4.184591440665179,4.184591440444766,4.184591440083249,4.184591439758435,4.184591440181898,0.9850000000016551
C/C(=C\c1ccccc1)c1ccccc1,C[C@H](Cc1ccccc1)c1ccccc1,badfit,badfit,badfit,badfit,badfit,badfit,nofit,nofit
C/C=C(\C)c1ccc(OC)cc1,CC[C@@H](C)c1ccc(OC)cc1,badfit,badfit,badfit,badfit,badfit,badfit,nofit,nofit
C=C(CC(=O)OC)C(=O)OC,COC(=O)C[C@@H](C)C(=O)OC,badfit,badfit,badfit,badfit,badfit,badfit,nofit,nofit
C=C(CC(=O)OC)C(=O)OC,COC(=O)C[C@@H](C)C(=O)OC,badfit,badfit,badfit,badfit,badfit,badfit,nofit,nofit
C=C(c1ccccc1)c1ccccc1C(=O)O,C[C@@H](c1ccccc1)c1ccccc1C(=O)O,badfit,badfit,badfit,badfit,badfit,badfit,nofit,nofit
COC(=O)/C(=C/c1ccco1)NC(=O)OCc1ccccc1,COC(=O)[C@@H](Cc1ccco1)NC(=O)OCc1ccccc1,nofit,nofit,nofit,nofit,nofit,nofit,nofit,nofit
COC(=O)c1ccc(C2=CC(=O)Nc3ccccc3S2)cc1,COC(=O)c1ccc([C@H]2CC(=O)Nc3ccccc3S2)cc1,not found,not found,not found,not found,not found,not found,not found,not found
C/C=C(/c1ccccc1)[Si](C)(C)C,CC[C@@H](c1ccccc1)[Si](C)(C)C,nofit,nofit,nofit,nofit,nofit,nofit,nofit,nofit
C=C(CC)c1ccccc1,CC[C@@H](C)c1ccccc1,badfit,badfit,badfit,badfit,badfit,badfit,nofit,nofit
C=C(CC)c1ccc(OC)cc1,CC[C@@H](C)c1ccc(OC)cc1,badfit,badfit,badfit,badfit,badfit,badfit,nofit,nofit
COC(=O)/C=C(\C)NC(C)=O,COC(=O)C[C@H](C)NC(C)=O,badfit,badfit,badfit,badfit,badfit,badfit,nofit,nofit
CCOC(=O)/C=C(\Sc1ccccc1)c1ccc(F)cc1,CCOC(=O)C[C@@H](Sc1ccccc1)c1ccc(F)cc1,not found,not found,not found,not found,not found,not found,not found,not found
CCOC(=O)/C(F)=C/c1ccccc1,CCOC(=O)[C@@H](F)Cc1ccccc1,not found,not found,not found,not found,not found,not found,not found,not found
C=C(NC(C)=O)C(=O)O,CC(=O)N[C@@H](C)C(=O)O,badfit,badfit,badfit,badfit,badfit,badfit,nofit,nofit
C=C(CC(=O)OC)C(=O)OC,COC(=O)C[C@H](C)C(=O)OC,badfit,badfit,badfit,badfit,badfit,badfit,nofit,nofit
O=C1C[C@H](Cc2ccccc2)C(=O)N1Cc1ccccc1,O=C1C[C@H](Cc2ccccc2)C(=O)N1Cc1ccccc1,4.196162751686842,badfit,badfit,badfit,badfit,badfit,4.196162751686842,0.9851700101207412
C=C(B1OC(C)(C)C(C)(C)O1)c1ccc(OC)cc1,COc1ccc([C@H](C)B2OC(C)(C)C(C)(C)O2)cc1,not found,not found,not found,not found,not found,not found,not found,not found
C=C(NC(C)=O)c1ccc(F)cc1,CC(=O)N[C@@H](C)c1ccc(F)cc1,34.15458793274871,nan,badfit,0.8472441305510294,0.7540927307613039,badfit,11.918641598020349,0.9999933350510447
COC(=O)/C(=C/c1ccccc1)NC(C)=O,COC(=O)[C@H](Cc1ccccc1)NC(C)=O,badfit,badfit,badfit,badfit,badfit,badfit,nofit,nofit
c1ccc(-c2cc3ccccc3o2)cc1,c1ccc([C@@H]2Cc3ccccc3O2)cc1,0,0,0,0,0,0,0.0,0.5
COC(=O)C(NC=O)=C1CCCCC1,COC(=O)[C@@H](NC=O)C1CCCCC1,1.457062859048179,2.148570530061207,1.745689741985875,1.4039907907164046,1.5600711426857483,1.4670266182225158,1.630401947119988,0.8362246940621989
CC(=O)NC1=Cc2ccccc2CC1,CC(=O)N[C@@H]1CCc2ccccc2C1,badfit,badfit,badfit,badfit,badfit,badfit,nofit,nofit
C=C(CC)c1ccccc1,CC[C@H](C)c1ccccc1,badfit,badfit,badfit,badfit,badfit,badfit,nofit,nofit
C/C=C(/C)c1ccc(OC)cc1,CC[C@@H](C)c1ccc(OC)cc1,badfit,badfit,badfit,badfit,badfit,badfit,nofit,nofit
C=C(CC(=O)OC)C(=O)OC,COC(=O)C[C@H](C)C(=O)OC,badfit,badfit,badfit,badfit,badfit,badfit,nofit,nofit
COc1ccc2c(c1)C=C(NC(C)=O)CC2,COc1ccc2c(c1)C[C@@H](NC(C)=O)CC2,badfit,badfit,badfit,badfit,badfit,badfit,nofit,nofit
CCOC(=O)/C=C(\C)c1ccccc1,CCOC(=O)C[C@@H](C)c1ccccc1,badfit,badfit,badfit,badfit,badfit,badfit,nofit,nofit
C=C(CC(=O)OC)C(=O)O,COC(=O)C[C@@H](C)C(=O)O,badfit,badfit,badfit,badfit,badfit,badfit,nofit,nofit
C=C(NC(C)=O)c1ncc(Br)cc1F,CC(=O)N[C@H](C)c1ncc(Br)cc1F,5.293304824724491,5.293304824724491,5.293304824724491,5.293304824724491,5.293304824724491,5.293304824724491,5.293304824724491,0.995
COC(=O)/C(=C/c1ccccc1OC)NC(C)=O,COC(=O)[C@H](Cc1ccccc1OC)NC(C)=O,2.9924685349921276,4.356895332214023,badfit,badfit,badfit,badfit,3.6746819336030754,0.9752696300061053
CCOC(=O)/C=C(/B1OC(C)(C)C(C)(C)O1)c1ccccc1,CCOC(=O)C[C@@H](B1OC(C)(C)C(C)(C)O1)c1ccccc1,badfit,badfit,badfit,badfit,badfit,badfit,nofit,nofit
CCOP(=O)(/C=C(\N)c1ccccc1)OCC,CCOP(=O)(C[C@H](N)c1ccccc1)OCC,badfit,badfit,badfit,badfit,badfit,badfit,nofit,nofit
CCOC(=O)/C=C(\C)c1ccc(SC)cc1,CCOC(=O)C[C@@H](C)c1ccc(SC)cc1,not found,not found,not found,not found,not found,not found,not found,not found
COC(=O)/C(=C/c1ccccc1)NC(C)=O,COC(=O)[C@@H](Cc1ccccc1)NC(C)=O,badfit,badfit,badfit,badfit,badfit,badfit,nofit,nofit
CCN1CCC(NC(=O)c2ccccc2)=C(F)C1,CCN1CC[C@@H](NC(=O)c2ccccc2)[C@@H](F)C1,badfit,3.458657868503204,badfit,badfit,badfit,badfit,3.458657868503204,0.9694882904922235
CC(=O)/C=C(\C)c1ccccc1,CC(=O)C[C@@H](C)c1ccccc1,badfit,badfit,badfit,badfit,badfit,badfit,nofit,nofit
CC1=C(C)c2ccccc2C1,C[C@@H]1Cc2ccccc2[C@@H]1C,badfit,badfit,badfit,1.6966553710052485,badfit,badfit,1.6966553710052485,0.8450974021368186
C=C(/C=C\C)/C=C(\C)c1ccccc1,C=C(/C=C\C)C[C@@H](C)c1ccccc1,badfit,badfit,badfit,badfit,badfit,badfit,nofit,nofit
C=C(CO)C(=O)OC,COC(=O)[C@@H](C)CO,badfit,badfit,badfit,badfit,badfit,badfit,nofit,nofit
[H]/C=C(\NC(C)=O)C1=CC=CCC=C1,CC(=O)N[C@H](C)C1=CC=CCC=C1,badfit,badfit,badfit,badfit,3.616557040537737,badfit,3.616557040537737,0.9738283180984474
CC1C=Cc2ccccc21,C[C@H]1CCc2ccccc21,not found,not found,not found,not found,not found,not found,not found,not found
CCOC(=O)/C=C(\CC)c1ccccc1,CCOC(=O)C[C@@H](CC)c1ccccc1,nofit,nofit,nofit,nofit,nofit,nofit,nofit,nofit
COC(=O)/C(NC(C)=O)=C(/c1ccccc1)c1cn(C(=O)OC(C)(C)C)c2ncccc12,COC(=O)[C@@H](NC(C)=O)[C@@H](c1ccccc1)c1cn(C(=O)OC(C)(C)C)c2ncccc12,0,0,0,0,0,0,0.0,0.5
O=C(/C=C1/CCc2ccccc2N1)c1ccccc1,O=C(C[C@H]1CCc2ccccc2N1)c1ccccc1,badfit,badfit,badfit,badfit,badfit,badfit,nofit,nofit
C/C=C(\C)c1ccccc1,CC[C@@H](C)c1ccccc1,badfit,badfit,badfit,badfit,badfit,4.330979944920365,4.330979944920365,0.987016147698003
C=C(CC(=O)OC)C(=O)O,COC(=O)C[C@@H](C)C(=O)O,badfit,badfit,badfit,badfit,badfit,badfit,nofit,nofit
C/C(=C\c1ccccc1[N+](=O)[O-])C(=O)O,C[C@@H](Cc1ccccc1[N+](=O)[O-])C(=O)O,0,0,0,0,0,0,0.0,0.5
O=C(C1=C(c2cc(OCc3ccccc3)ccc2OCc2ccccc2)CCC1)c1ccc(OCc2ccccc2)cc1,O=C(c1ccc(OCc2ccccc2)cc1)[C@@H]1CCC[C@H]1c1cc(OCc2ccccc2)ccc1OCc1ccccc1,badfit,badfit,badfit,badfit,badfit,badfit,nofit,nofit
O=C(O)C1C=CCO1,O=C(O)[C@@H]1CCCO1,not found,not found,not found,not found,not found,not found,not found,not found
COC(=O)/C(=C/c1ccccc1)NC(C)=O,COC(=O)[C@@H](Cc1ccccc1)NC(C)=O,badfit,badfit,badfit,badfit,badfit,badfit,nofit,nofit
COC(=O)/C(=C/c1ccco1)NC(=O)OCc1ccccc1,COC(=O)[C@@H](Cc1ccco1)NC(=O)OCc1ccccc1,nofit,nofit,nofit,nofit,nofit,nofit,nofit,nofit
COC(=O)/C(=C/c1ccccc1)NC(C)=O,COC(=O)[C@H](Cc1ccccc1)NC(C)=O,badfit,badfit,badfit,badfit,badfit,badfit,nofit,nofit
CC(=O)N/C(=C\c1ccccc1)C(=O)O,CC(=O)N[C@H](Cc1ccccc1)C(=O)O,badfit,badfit,badfit,badfit,badfit,badfit,nofit,nofit
C=C(C[Si](C)(C)C)c1ccccc1,C[C@@H](C[Si](C)(C)C)c1ccccc1,3.31678003984959,3.316780039849574,3.3167800402013947,3.316780039808807,3.316780039787304,3.316780039903404,3.3167800399000122,0.9650000000017036
O=C1C[C@H](Cc2ccccc2)C(=O)N1Cc1ccccc1,O=C1C[C@H](Cc2ccccc2)C(=O)N1Cc1ccccc1,4.196162751686842,badfit,badfit,badfit,badfit,badfit,4.196162751686842,0.9851700101207412
C=C(NC(C)=O)c1ccccc1,CC(=O)N[C@H](C)c1ccccc1,badfit,badfit,badfit,badfit,badfit,badfit,nofit,nofit
C=C(CC)c1ccccc1,CC[C@H](C)c1ccccc1,badfit,badfit,badfit,badfit,badfit,badfit,nofit,nofit
C=C(NC(C)=O)c1ccccc1,CC(=O)N[C@@H](C)c1ccccc1,badfit,badfit,badfit,badfit,badfit,badfit,nofit,nofit
C=C(CC(=O)C(C)(C)C)C(=O)O,C[C@H](CC(=O)C(C)(C)C)C(=O)O,not found,not found,not found,not found,not found,not found,not found,not found
CCOC(=O)C(C)=O,COC(=O)[C@H](Cc1ccccc1)NC(C)=O,badfit,badfit,badfit,0.6647689791903575,badfit,0.43337923982961923,0.5490741095099884,0.6339207506736101
C=C(CC(=O)c1ccc(Cl)cc1)C(=O)O,C[C@H](CC(=O)c1ccc(Cl)cc1)C(=O)O,not found,not found,not found,not found,not found,not found,not found,not found
COC(=O)/C(=C/c1ccc(F)cc1)NC(C)=O,COC(=O)[C@@H](Cc1ccc(F)cc1)NC(C)=O,badfit,badfit,badfit,badfit,badfit,badfit,nofit,nofit
C/C=C(\Oc1ccccc1)C(=O)O,CC[C@H](Oc1ccccc1)C(=O)O,badfit,badfit,badfit,badfit,badfit,badfit,nofit,nofit
CCOC(=O)/C=C(/B1OC(C)(C)C(C)(C)O1)c1ccccc1,CCOC(=O)C[C@@H](B1OC(C)(C)C(C)(C)O1)c1ccccc1,badfit,badfit,badfit,badfit,badfit,badfit,nofit,nofit
CCOC(=O)/C=C(\NC(C)=O)c1ccc(Cl)cc1,CCOC(=O)C[C@@H](NC(C)=O)c1ccc(Cl)cc1,nofit,nofit,nofit,nofit,nofit,nofit,nofit,nofit
CC(=O)N/C(=C\C(C)C)c1ccccc1,CC(=O)N[C@H](CC(C)C)c1ccccc1,nofit,nofit,nofit,nofit,nofit,nofit,nofit,nofit
COc1ccc2c(c1)CCC=C2C,COc1ccc2c(c1)CCC[C@H]2C,badfit,badfit,badfit,badfit,badfit,badfit,nofit,nofit
C=C1C(=O)NCCc2cc(OC)c(OC)cc21,COc1cc2c(cc1OC)[C@@H](C)C(=O)NCC2,badfit,0.9533664547124694,badfit,badfit,badfit,1.269181071358128,1.1112737630352987,0.7523665039714892
C/C=C(\C)c1ccc(OC)cc1,CC[C@H](C)c1ccc(OC)cc1,badfit,badfit,badfit,badfit,badfit,badfit,nofit,nofit
C=C(CC)c1ccc(C(F)(F)F)cc1,CC[C@@H](C)c1ccc(C(F)(F)F)cc1,4.479769429814354,3.7296258827607716,3.5280899389757465,3.8753888818689712,3.91325000371814,3.877851595837529,3.9006626221625855,0.9801725759601608
COC(=O)/C(=C/c1ccccc1)NC(C)=O,COC(=O)[C@H](Cc1ccccc1)NC(C)=O,badfit,badfit,badfit,badfit,badfit,badfit,nofit,nofit
COC(=O)/C=C(/C)NC(C)=O,COC(=O)C[C@@H](C)NC(C)=O,badfit,badfit,badfit,badfit,10.829071182566954,badfit,10.829071182566954,0.999980185389679
C/C(=C\c1ccccc1)c1ccccc1,C[C@@H](Cc1ccccc1)c1ccccc1,badfit,badfit,badfit,badfit,badfit,badfit,nofit,nofit
CC(C)(C)OC(=O)N1CCCC/C(=C\c2ccccc2)C1=O,CC(C)(C)OC(=O)N1CCCC[C@H](Cc2ccccc2)C1=O,not found,not found,not found,not found,not found,not found,not found,not found
C=C(CCCCCC)B1OC(C)(C)C(C)(C)O1,CCCCCC[C@@H](C)B1OC(C)(C)C(C)(C)O1,badfit,badfit,badfit,badfit,badfit,badfit,nofit,nofit
C=C(CC)c1ccccc1,CC[C@H](C)c1ccccc1,badfit,badfit,badfit,badfit,badfit,badfit,nofit,nofit
O=C1CCC/C1=C\c1ccccc1,O=C1CCC[C@H]1Cc1ccccc1,badfit,badfit,badfit,badfit,badfit,badfit,nofit,nofit
COc1ccc2c(c1)C=C(NC(C)=O)CC2,COc1ccc2c(c1)C[C@@H](NC(C)=O)CC2,badfit,badfit,badfit,badfit,badfit,badfit,nofit,nofit
COC(=O)/C(C)=C/[C@@H](C)CO[Si](c1ccccc1)(c1ccccc1)C(C)(C)C,COC(=O)[C@H](C)C[C@@H](C)CO[Si](c1ccccc1)(c1ccccc1)C(C)(C)C,not found,not found,not found,not found,not found,not found,not found,not found
O=C1C=C(c2ccccc2)C(=O)N1,O=C1C[C@@H](c2ccccc2)C(=O)N1,0.26147970005775667,0.2614797000577562,0.2614797000272734,0.26147970006499155,0.26147970000250215,0.26147969999456167,0.2614797000341403,0.5649999999941956
C=C(NC(C)=O)C(=O)OC,COC(=O)[C@@H](C)NC(C)=O,badfit,badfit,badfit,badfit,badfit,badfit,nofit,nofit
CC(=O)NC1=CCCc2ccccc21,CC(=O)N[C@H]1CCCc2ccccc21,badfit,badfit,badfit,badfit,badfit,badfit,nofit,nofit
C=C(C(=O)O)c1ccc(OC)cc1,COc1ccc([C@@H](C)C(=O)O)cc1,nofit,nofit,nofit,nofit,nofit,nofit,nofit,nofit
O=C(O)/C=C(\c1ccccc1)c1ccc(Cl)c(Cl)c1,O=C(O)C[C@H](c1ccccc1)c1ccc(Cl)c(Cl)c1,nofit,nofit,nofit,nofit,nofit,nofit,nofit,nofit
C=C(c1ccccc1)c1ccccc1C(=O)O,C[C@H](c1ccccc1)c1ccccc1C(=O)O,badfit,badfit,badfit,badfit,badfit,badfit,nofit,nofit
C=C(CC(=O)O)C(=O)OC,COC(=O)[C@H](C)CC(=O)O,badfit,badfit,badfit,badfit,badfit,badfit,nofit,nofit
C=C(NC(C)=O)c1ccc(C)cc1,CC(=O)N[C@H](C)c1ccc(C)cc1,badfit,badfit,badfit,4.178088662575799,3.672696193455854,badfit,3.9253924280158268,0.9806475184150437
C=C(NC(C)=O)C(C)(C)C,CC(=O)N[C@@H](C)C(C)(C)C,badfit,nan,badfit,badfit,badfit,badfit,nofit,nofit
C/C=C(\C)c1ccc(OC)cc1,CC[C@@H](C)c1ccc(OC)cc1,badfit,badfit,badfit,badfit,badfit,badfit,nofit,nofit
C=C(NC(C)=O)c1ccccc1,CC(=O)N[C@H](C)c1ccccc1,badfit,badfit,badfit,badfit,badfit,badfit,nofit,nofit
CCOC(=O)/C(C)=C/c1ccccc1,CCOC(=O)[C@H](C)Cc1ccccc1,badfit,badfit,badfit,badfit,badfit,badfit,nofit,nofit
C=C(OC(C)=O)c1cc(C(F)(F)F)cc(C(F)(F)F)c1,CC(=O)O[C@H](C)c1cc(C(F)(F)F)cc(C(F)(F)F)c1,not found,not found,not found,not found,not found,not found,not found,not found
C/C(=C\c1ccccc1)C(=O)O,C[C@H](Cc1ccccc1)C(=O)O,badfit,badfit,badfit,badfit,badfit,badfit,nofit,nofit
C=C1c2ccccc2CCN1C,C[C@@H]1c2ccccc2CCN1C,badfit,badfit,badfit,badfit,badfit,badfit,nofit,nofit
C=C(C(=O)O)c1ccc(F)cc1,C[C@H](C(=O)O)c1ccc(F)cc1,3.891820298110627,3.891820298110626,3.8918202982405425,3.8918202981207353,3.891820297760312,3.891820298317663,3.8918202981100847,0.9799999999999893
COCCCOc1cc(/C=C(/C(=O)OC(C)(C)C)C(C)C)ccc1OC,COCCCOc1cc(C[C@@H](C(=O)OC(C)(C)C)C(C)C)ccc1OC,nofit,nofit,nofit,nofit,nofit,nofit,nofit,nofit
Cc1cccc(C2=Cc3ccccc3S2(=O)=O)c1,Cc1cccc([C@H]2Cc3ccccc3S2(=O)=O)c1,not found,not found,not found,not found,not found,not found,not found,not found
C=C(CCCCCC)B1OC(C)(C)C(C)(C)O1,CCCCCC[C@@H](C)B1OC(C)(C)C(C)(C)O1,badfit,badfit,badfit,badfit,badfit,badfit,nofit,nofit
C/C=C(/C)c1ccc(OC)cc1,CC[C@@H](C)c1ccc(OC)cc1,badfit,badfit,badfit,badfit,badfit,badfit,nofit,nofit
CCOC(=O)C1=CN(C(C)=O)CCC1,CCOC(=O)[C@@H]1CCCN(C(C)=O)C1,badfit,badfit,badfit,badfit,badfit,badfit,nofit,nofit
CC1=CCCO1,C[C@H]1CCCO1,not found,not found,not found,not found,not found,not found,not found,not found
CC(C)(C)OC(=O)C(=O)N/C(=C\C1CC1)C(=O)OCc1ccccc1,CC(C)(C)OC(=O)C(=O)N[C@@H](CC1CC1)C(=O)OCc1ccccc1,badfit,badfit,badfit,badfit,badfit,badfit,nofit,nofit
C/C(=C\c1ccccc1)c1ccccc1,C[C@@H](Cc1ccccc1)c1ccccc1,badfit,badfit,badfit,badfit,badfit,badfit,nofit,nofit
COC(=O)/C(=C/c1ccccc1)NC(C)=O,COC(=O)[C@@H](Cc1ccccc1)NC(C)=O,badfit,badfit,badfit,badfit,badfit,badfit,nofit,nofit
C/C=C(\C)c1ccc(OC)cc1,CC[C@@H](C)c1ccc(OC)cc1,badfit,badfit,badfit,badfit,badfit,badfit,nofit,nofit
COC(=O)/C=C(/NC(C)=O)C(C)(C)C,COC(=O)C[C@@H](NC(C)=O)C(C)(C)C,12.206067645522225,12.206067645522225,12.206067645522225,12.206067645522225,12.206067645522225,12.206067645522225,12.206067645522225,0.9999950000000001
C=C(CC(=O)OC)C(=O)OC,COC(=O)C[C@@H](C)C(=O)OC,badfit,badfit,badfit,badfit,badfit,badfit,nofit,nofit
CC1=CC(=O)OCC1,C[C@H]1CCOC(=O)C1,not found,not found,not found,not found,not found,not found,not found,not found
C=C(NC(C)=O)c1ccccc1OC,COc1ccccc1[C@@H](C)NC(C)=O,badfit,badfit,badfit,badfit,1.4340493130641576,1.3951692708775525,1.414609291970855,0.8044919322035242
C=C(CCCC)OC(=O)c1ccco1,CCCC[C@H](C)OC(=O)c1ccccc1,nofit,nofit,nofit,nofit,nofit,nofit,nofit,nofit
CC(=O)NC1=CCc2ccccc21,CC(=O)N[C@@H]1CCc2ccccc21,badfit,badfit,badfit,badfit,badfit,badfit,nofit,nofit
COc1cccc2c1C=C(NC(C)=O)CC2,COc1cccc2c1C[C@@H](NC(C)=O)CC2,3.6843756359534723,3.5781381689088327,3.8387231285087537,badfit,2.409216081697223,3.047396598476414,3.3115699227089395,0.9648236013307636
COC(=O)/C(=C/c1ccccc1)NC(C)=O,COC(=O)[C@@H](Cc1ccccc1)NC(C)=O,badfit,badfit,badfit,badfit,badfit,badfit,nofit,nofit
C=C(c1ccccc1)C(C)C,CC(C)[C@@H](C)c1ccccc1,badfit,nan,3.613816705138225,badfit,badfit,3.4378495924600188,3.525833148799122,0.9714139304192468
CCOC(=O)/C=C(/C)NC(C)=O,CCOC(=O)C[C@@H](C)NC(C)=O,badfit,badfit,badfit,badfit,badfit,badfit,nofit,nofit
C=C(NC(C)=O)c1ccccc1,CC(=O)N[C@@H](C)c1ccccc1,badfit,badfit,badfit,badfit,badfit,badfit,nofit,nofit
CCOC(=O)/C(C)=C(\C(=O)OCc1ccccc1)c1ccsc1,CCOC(=O)[C@@H](C)[C@H](C(=O)OCc1ccccc1)c1ccsc1,nofit,nofit,nofit,nofit,nofit,nofit,nofit,nofit
COc1ccc(-c2cc3ccccc3o2)cc1,COc1ccc([C@@H]2Cc3ccccc3O2)cc1,0,0,0,0,0,0,0.0,0.5
COC(=O)C1=COc2ccc(C(C)(C)C)cc2O1,COC(=O)[C@H]1COc2ccc(C(C)(C)C)cc2O1,nofit,nofit,nofit,nofit,nofit,nofit,nofit,nofit
CC(C)(C)OC(=O)C(=O)N/C(=C\C1CC1)C(=O)OCc1ccccc1,CC(C)(C)OC(=O)C(=O)N[C@@H](CC1CC1)C(=O)OCc1ccccc1,badfit,badfit,badfit,badfit,badfit,badfit,nofit,nofit
COC(=O)/C(=C/c1ccccc1)NC(C)=O,COC(=O)[C@H](Cc1ccccc1)NC(C)=O,badfit,badfit,badfit,badfit,badfit,badfit,nofit,nofit
C=C(NC(C)=O)c1ccccc1,CC(=O)N[C@@H](C)c1ccccc1,badfit,badfit,badfit,badfit,badfit,badfit,nofit,nofit
CC(C)/C=C(\C#N)CC(=O)[O-],CC(C)C[C@H](C#N)CC(=O)[O-],3.6635616461296507,3.6635616461296365,3.6635616466772376,3.663561646903009,3.6635616451769835,3.6635616465754914,3.6635616462653346,0.9750000000033074
C/C(=C\c1ccccc1)c1ccccc1,C[C@H](Cc1ccccc1)c1ccccc1,badfit,badfit,badfit,badfit,badfit,badfit,nofit,nofit
CCOC(=O)/C=C1\Nc2ccccc2OC1=O,CCOC(=O)C[C@H]1Nc2ccccc2OC1=O,badfit,badfit,badfit,badfit,badfit,badfit,nofit,nofit
CCOC(=O)/C=C(\C)c1ccccc1,CCOC(=O)C[C@H](C)c1ccccc1,badfit,badfit,badfit,badfit,badfit,badfit,nofit,nofit
COc1cc2c(c(OC)c1OC)-c1ccc(O)cc1C(NC(C)=O)=CC2,COc1cc2c(c(OC)c1OC)-c1ccc(O)cc1[C@@H](NC(C)=O)CC2,badfit,1.1348202602318906,1.1014816648113743,badfit,badfit,1.1636145509774245,1.1333054920068966,0.7564483999420181
C=C(c1ccccc1)C(C)C,CC(C)[C@H](C)c1ccccc1,badfit,badfit,badfit,0.9485565363648645,badfit,badfit,0.9485565363648645,0.720824793193264
COc1cccc2c1C=C(NC(C)=O)CC2,COc1cccc2c1C[C@H](NC(C)=O)CC2,nofit,nofit,nofit,nofit,nofit,nofit,nofit,nofit
COC(=O)/C(=C/c1ccccc1)NC(C)=O,COC(=O)[C@@H](Cc1ccccc1)NC(C)=O,badfit,badfit,badfit,badfit,badfit,badfit,nofit,nofit
C=C(NC(C)=O)c1ccccc1,CC(=O)N[C@H](C)c1ccccc1,badfit,badfit,badfit,badfit,badfit,badfit,nofit,nofit
C=C(c1ccccc1)P(=O)(O)O,C[C@@H](c1ccccc1)P(=O)(O)O,3.119839149975503,badfit,badfit,badfit,badfit,badfit,3.119839149975503,0.9577037130356558
CC/C(=C\C(=O)OC)NC(C)=O,CC[C@@H](CC(=O)OC)NC(C)=O,badfit,badfit,2.792316255905,4.920286528663691,badfit,badfit,3.8563013922843457,0.9792918302571378
CCCCC1=CC(=O)CC1,CCCC[C@@H]1CCC(=O)C1,not found,not found,not found,not found,not found,not found,not found,not found
C/C(=C\C(=O)c1ccccc1)S(=O)(=O)c1ccccc1,C[C@H](CC(=O)c1ccccc1)S(=O)(=O)c1ccccc1,badfit,badfit,4.359077656809944,nofit,nofit,nofit,4.359077656809944,0.9873713436318831
C/C(=C\c1ccccc1)C(=O)O,C[C@@H](Cc1ccccc1)C(=O)O,badfit,badfit,badfit,badfit,badfit,badfit,nofit,nofit
COCO/C=C(\NC(C)=O)c1ccccc1,COCOC[C@@H](NC(C)=O)c1ccccc1,badfit,badfit,badfit,badfit,badfit,badfit,nofit,nofit
C/C=C(/C)c1ccc(OC)cc1,CC[C@H](C)c1ccc(OC)cc1,badfit,badfit,badfit,badfit,badfit,badfit,nofit,nofit
COC(=O)/C=C(\NC(C)=O)c1ccccc1,COC(=O)C[C@H](NC(C)=O)c1ccccc1,4.066941860172873,4.59511985013458,4.277347934340202,badfit,4.022812660365055,4.200939281100435,4.232632317222629,0.9856935118782064
C/C(=C\[N+](=O)[O-])c1ccccc1,C[C@@H](C[N+](=O)[O-])c1ccccc1,badfit,badfit,badfit,nofit,nofit,nofit,nofit,nofit
CCOC(=O)/C(C)=C/c1ccccc1,CCOC(=O)[C@@H](C)Cc1ccccc1,badfit,badfit,badfit,badfit,badfit,badfit,nofit,nofit
CC(C)=CCC/C(C)=C/CO,CC(C)=CCC[C@@H](C)CCO,3.8918202981106256,3.8918202981106256,3.8918202981106256,3.8918202981106256,3.8918202981106256,3.8918202981106256,3.8918202981106256,0.98
C/C(=C\c1ccccc1)c1ccccc1,C[C@H](Cc1ccccc1)c1ccccc1,badfit,badfit,badfit,badfit,badfit,badfit,nofit,nofit
CC1(C)OB(/C(=C/CCc2ccccc2)N2CCOC2=O)OC1(C)C,CC1(C)OB([C@@H](CCCc2ccccc2)N2CCOC2=O)OC1(C)C,not found,not found,not found,not found,not found,not found,not found,not found
C/C=C(\C)C(=O)O,CC[C@H](C)C(=O)O,badfit,badfit,badfit,badfit,badfit,badfit,nofit,nofit
COC(=O)/C(=C/c1ccccc1)NC(C)=O,COC(=O)[C@@H](Cc1ccccc1)NC(C)=O,badfit,badfit,badfit,badfit,badfit,badfit,nofit,nofit
C=C(NC(C)=O)c1ccccc1,CC(=O)N[C@@H](C)c1ccccc1,badfit,badfit,badfit,badfit,badfit,badfit,nofit,nofit
CCOC(=O)/C=C(\C)Oc1ccccc1Br,CCOC(=O)C[C@@H](C)Oc1ccccc1Br,badfit,badfit,badfit,badfit,badfit,badfit,nofit,nofit
CCOC(=O)C1=C(NC(=O)c2ccc(OC(F)F)cc2)CCCC1,CCOC(=O)[C@H]1CCCC[C@H]1NC(=O)c1ccc(OC(F)F)cc1,badfit,badfit,badfit,badfit,badfit,badfit,nofit,nofit
COC(=O)/C(=C/c1ccccc1)NC(C)=O,COC(=O)[C@H](Cc1ccccc1)NC(C)=O,badfit,badfit,badfit,badfit,badfit,badfit,nofit,nofit
CCOC(=O)/C=C(\Sc1ccc(F)cc1)c1ccccc1,CCOC(=O)C[C@@H](Sc1ccc(F)cc1)c1ccccc1,not found,not found,not found,not found,not found,not found,not found,not found
C/C(=C\c1ccccc1C)C(=O)O,Cc1ccccc1C[C@H](C)C(=O)O,5.038091190996777,5.195393897328291,4.880718802025415,11.05681417349233,2.8279369367003353,2.656273676432522,5.275871446162612,0.9949125162140462
CC(=O)N/C(C)=C\C(=O)c1ccccc1,CC(=O)N[C@@H](C)CC(=O)c1ccccc1,badfit,badfit,badfit,badfit,badfit,badfit,nofit,nofit
C=C(NC(C)=O)C(=O)O,CC(=O)N[C@@H](C)C(=O)O,badfit,badfit,badfit,badfit,badfit,badfit,nofit,nofit
CC(C)(C)OC(=O)NC1CCN(C(=O)C/C(=C\c2ccccc2)C(=O)O)CC1,CC(C)(C)OC(=O)NC1CCN(C(=O)C[C@@H](Cc2ccccc2)C(=O)O)CC1,not found,not found,not found,not found,not found,not found,not found,not found
CC1=CC(=O)CCC1,C[C@H]1CCCC(=O)C1,1.2380205122688928,1.537406196158413,-0.23251991658129434,-3.6872874345987263,0.008033787552520266,-0.9284023631254197,-0.34412486972093576,0.4148078461545668
CC(=O)N1/C(=C\c2ccccc2)COc2ccccc21,CC(=O)N1c2ccccc2OC[C@H]1Cc1ccccc1,badfit,badfit,badfit,badfit,badfit,badfit,nofit,nofit
C=C(CC)c1ccccc1,CC[C@@H](C)c1ccccc1,badfit,badfit,badfit,badfit,badfit,badfit,nofit,nofit
CCc1ccc(-c2coc(=O)[nH]2)cc1,CCc1ccc([C@H]2COC(=O)N2)cc1,not found,not found,not found,not found,not found,not found,not found,not found
C/C=C(\C)c1ccc(OC)cc1,CC[C@@H](C)c1ccc(OC)cc1,badfit,badfit,badfit,badfit,badfit,badfit,nofit,nofit
C/C(=C\c1ccccc1)c1ccccc1,C[C@H](Cc1ccccc1)c1ccccc1,badfit,badfit,badfit,badfit,badfit,badfit,nofit,nofit
C/C(=C\c1ccccc1)c1ccccc1,C[C@H](Cc1ccccc1)c1ccccc1,badfit,badfit,badfit,badfit,badfit,badfit,nofit,nofit
C1CCC(NC2CCCCC2)CC1.C=C(CO)C(=O)O,C1CCC(NC2CCCCC2)CC1.C[C@@H](CO)C(=O)O,nofit,nofit,nofit,nofit,nofit,nofit,nofit,nofit
CCOC(=O)/C(NC(C)=O)=C(\OC(C)=O)c1ccc(OC)cc1,CCOC(=O)[C@@H](NC(C)=O)[C@H](OC(C)=O)c1ccc(OC)cc1,not found,not found,not found,not found,not found,not found,not found,not found
COC(=O)/C(=C/c1ccccc1)NC(C)=O,COC(=O)[C@H](Cc1ccccc1)NC(C)=O,badfit,badfit,badfit,badfit,badfit,badfit,nofit,nofit
C/C=C(\C)c1ccc(OC)cc1,CC[C@H](C)c1ccc(OC)cc1,badfit,badfit,badfit,badfit,badfit,badfit,nofit,nofit
C/C=C(/c1ccccc1)[Si](C)(C)C,CC[C@@H](c1ccccc1)[Si](C)(C)C,nofit,nofit,nofit,nofit,nofit,nofit,nofit,nofit
C=C(CC)c1ccc(OC)cc1,CC[C@H](C)c1ccc(OC)cc1,badfit,badfit,badfit,badfit,badfit,badfit,nofit,nofit
COC/C=C(\NC(C)=O)C(=O)OC,COCC[C@@H](NC(C)=O)C(=O)OC,4.036711034682341,3.8077807861349413,4.027803657803656,badfit,3.7408088573696627,badfit,3.90327608399765,0.9802233030674704
C=C(NC(C)=O)C(C)(C)C,CC(=O)N[C@@H](C)C(C)(C)C,badfit,nan,badfit,badfit,badfit,badfit,nofit,nofit
COC(=O)/C(=C/c1ccccc1)NC(C)=O,COC(=O)[C@H](Cc1ccccc1)NC(C)=O,badfit,badfit,badfit,badfit,badfit,badfit,nofit,nofit
